id,first_name,last_name,email,DepartmentId,Salary,ipAddress,Address
1,Dorothy,Graham,dgraham0@xing.com,71,25652.35,53.255.235.250,9483 Brickson Park Alley
2,Stephanie,Gray,sgray1@ehow.com,81,26249.07,87.45.235.197,80965 Pepper Wood Circle
3,Jean,Rogers,jrogers2@jigsy.com,90,84327.57,120.125.121.146,31154 Garrison Hill
4,Sharon,Richards,srichards3@1und1.de,71,33957.84,71.26.197.37,41246 Hansons Alley
5,Randy,Castillo,rcastillo4@homestead.com,94,119456.53,208.181.76.97,9 Brentwood Junction
6,Larry,Ryan,lryan5@bloglovin.com,99,112984.76,241.168.105.56,62312 Tony Park
7,Nicholas,Kim,nkim6@about.com,86,33948.83,131.212.188.93,06 Ridgeview Point
8,Carol,Kennedy,ckennedy7@china.com.cn,24,93240.12,63.238.143.62,3562 Sullivan Center
9,Sara,Price,sprice8@nymag.com,9,105677.15,227.203.39.21,71 Columbus Court
10,Scott,Thompson,sthompson9@cafepress.com,39,44197.74,116.149.145.34,4 Clarendon Terrace
11,Rose,Anderson,randersona@reverbnation.com,35,20940.02,224.206.93.204,91 Fieldstone Circle
12,Lori,Mcdonald,lmcdonaldb@exblog.jp,36,115152.32,55.42.76.63,115 Harper Hill
13,Mary,Rivera,mriverac@purevolume.com,25,40146.09,47.76.19.205,8 Center Hill
14,Arthur,Parker,aparkerd@archive.org,61,72007.6,159.185.245.45,852 Morningstar Road
15,Douglas,Hunter,dhuntere@techcrunch.com,96,119862.73,111.183.187.240,94205 3rd Circle
16,Joan,Stewart,jstewartf@yahoo.com,3,85503.05,95.15.121.101,7 Graceland Lane
17,James,Ruiz,jruizg@acquirethisname.com,14,63027.24,230.52.185.193,59846 Ohio Park
18,Louise,Barnes,lbarnesh@elegantthemes.com,84,52521.05,171.11.179.242,5 Forest Run Hill
19,Sean,Palmer,spalmeri@google.cn,53,63797.26,255.62.4.252,4 Mandrake Hill
20,Heather,Peters,hpetersj@utexas.edu,64,40269.5,69.252.11.107,22 Dawn Avenue
21,Stephanie,Dunn,sdunnk@google.pl,85,49901.2,82.36.196.240,70 Lawn Court
22,Eugene,Stewart,estewartl@sun.com,35,66619,185.151.16.186,49 Sunfield Terrace
23,Gloria,Woods,gwoodsm@amazonaws.com,19,36449.47,252.8.247.170,24 East Park
24,Sharon,Gardner,sgardnern@com.com,39,68837.49,238.129.200.45,72 Towne Alley
25,Kelly,Alvarez,kalvarezo@google.cn,54,70258.13,232.217.181.184,169 Alpine Way
26,Kathryn,Harvey,kharveyp@ucoz.com,4,31753.52,132.64.231.121,043 Troy Trail
27,Alice,Nguyen,anguyenq@cmu.edu,8,50704.08,233.233.44.106,06 Drewry Point
28,Scott,Mcdonald,smcdonaldr@dailymotion.com,34,105106.7,41.107.76.136,1826 Sycamore Trail
29,Shirley,Little,slittles@businesswire.com,42,20777.35,151.127.204.216,09 Arapahoe Pass
30,Anthony,Simmons,asimmonst@liveinternet.ru,71,78403.86,243.176.146.188,90103 Buhler Lane
31,Nicholas,Warren,nwarrenu@bbc.co.uk,62,34346.73,183.36.241.121,6945 Cottonwood Park
32,Emily,Gardner,egardnerv@yelp.com,13,32114.08,182.82.180.226,075 Golf View Drive
33,Albert,Watkins,awatkinsw@biglobe.ne.jp,38,100454.13,170.245.193.37,7712 Forest Run Street
34,Katherine,Rose,krosex@nymag.com,4,73708,46.4.177.230,44924 Kenwood Avenue
35,Emily,Wells,ewellsy@wisc.edu,60,80912.16,68.15.71.129,626 David Pass
36,Diane,Rice,dricez@mtv.com,65,41728.2,12.116.134.96,45 Dixon Circle
37,Carlos,Frazier,cfrazier10@mysql.com,5,40806.72,86.2.26.158,4 Dottie Point
38,Susan,Wallace,swallace11@princeton.edu,48,71579.03,249.187.66.10,6 Quincy Point
39,James,Rodriguez,jrodriguez12@oakley.com,98,42788.8,46.149.37.39,91 Waubesa Parkway
40,Kathy,Burke,kburke13@microsoft.com,46,58973.93,79.99.29.34,08 Waywood Place
41,Joshua,Kim,jkim14@topsy.com,37,101070,194.111.224.249,68 North Trail
42,Walter,Watson,wwatson15@ucla.edu,61,39734.49,201.73.70.161,26 Bellgrove Lane
43,Jimmy,Ramos,jramos16@columbia.edu,76,82857.24,225.237.125.158,80 Hazelcrest Pass
44,Carlos,Vasquez,cvasquez17@google.com.br,13,21640.61,85.31.72.174,6 Elmside Trail
45,Harry,Stone,hstone18@i2i.jp,29,75634.94,179.135.145.42,6447 American Ash Junction
46,Teresa,Perkins,tperkins19@tumblr.com,19,78127.83,46.151.53.80,0036 Burrows Road
47,Alice,Gutierrez,agutierrez1a@home.pl,74,89365.1,126.199.26.11,82 Mifflin Way
48,Antonio,Adams,aadams1b@dion.ne.jp,53,78778.82,26.52.191.2,80 Sherman Alley
49,Laura,Rogers,lrogers1c@engadget.com,100,98173.89,106.157.40.165,8162 Fair Oaks Avenue
50,Marie,Lynch,mlynch1d@toplist.cz,20,87037.94,110.230.255.59,12 Annamark Drive
51,Todd,Howell,thowell1e@mapquest.com,98,78762.04,45.46.206.223,87 Rieder Drive
52,Heather,Campbell,hcampbell1f@umn.edu,43,58595.07,132.20.234.143,8 Mitchell Pass
53,Margaret,Martin,mmartin1g@apple.com,89,38024.06,181.182.0.49,00 Ohio Court
54,Emily,Lopez,elopez1h@samsung.com,97,48876.91,250.100.218.141,8 Holy Cross Pass
55,Marie,Harper,mharper1i@home.pl,26,83050.61,13.11.40.204,0493 Mosinee Parkway
56,Clarence,Matthews,cmatthews1j@google.ca,70,104116.94,140.192.70.23,263 Forest Run Trail
57,Gloria,Harper,gharper1k@skyrock.com,99,74179.21,42.113.135.150,0031 Forest Dale Crossing
58,Joe,Armstrong,jarmstrong1l@wikia.com,40,85170.66,153.119.185.167,9657 Dunning Alley
59,Keith,Carter,kcarter1m@xinhuanet.com,83,22641.72,171.82.242.134,14 Shelley Road
60,Fred,Lawrence,flawrence1n@nymag.com,79,56026.18,170.131.197.252,763 Morningstar Road
61,Sean,Snyder,ssnyder1o@opensource.org,55,95417.09,124.255.233.235,45572 Fulton Plaza
62,Jimmy,Larson,jlarson1p@ihg.com,92,39369.81,34.22.189.185,3130 Rowland Hill
63,Patrick,Hart,phart1q@home.pl,91,73442.14,236.252.22.37,750 Clove Lane
64,Elizabeth,Ruiz,eruiz1r@google.com.au,66,37034.85,40.10.1.51,5 Springview Lane
65,Norma,Moore,nmoore1s@amazon.co.jp,20,91289.38,210.38.200.154,0939 Boyd Court
66,Clarence,Crawford,ccrawford1t@homestead.com,98,89622.82,180.231.38.209,4111 Fairview Pass
67,Donald,Gray,dgray1u@wordpress.com,73,22791.59,11.127.111.113,338 Sutteridge Crossing
68,Diane,Martinez,dmartinez1v@mtv.com,30,107664.02,96.212.158.130,354 Colorado Drive
69,Earl,Fuller,efuller1w@narod.ru,80,41740.05,96.2.21.56,526 Bowman Trail
70,Kathryn,Romero,kromero1x@java.com,77,86725.04,153.74.118.65,76993 Lakeland Drive
71,Marie,Duncan,mduncan1y@samsung.com,46,115724.79,56.151.229.114,279 Saint Paul Pass
72,Joshua,Spencer,jspencer1z@goo.ne.jp,84,86274.6,151.55.80.149,40 Jenna Alley
73,Betty,Freeman,bfreeman20@youku.com,79,31485.06,54.58.133.84,0671 Steensland Road
74,Steven,Gutierrez,sgutierrez21@quantcast.com,21,69423.54,162.9.180.196,11871 Clemons Place
75,Kathleen,Garza,kgarza22@uiuc.edu,9,80759.44,202.229.212.174,91 Autumn Leaf Lane
76,George,Knight,gknight23@google.com,11,76830.58,82.134.236.74,60782 Tennessee Pass
77,Carlos,Mccoy,cmccoy24@google.cn,65,100060.46,246.182.124.215,77 Eliot Pass
78,Michael,Fisher,mfisher25@washington.edu,71,19566.93,248.103.168.57,52346 Stang Crossing
79,Ann,Carr,acarr26@vinaora.com,7,61224.29,192.99.158.41,6418 Stoughton Avenue
80,Harold,Harrison,hharrison27@china.com.cn,27,89187.15,24.246.38.218,23 Dunning Pass
81,Justin,Lee,jlee28@narod.ru,84,65665.68,114.182.202.122,8 Carey Center
82,Amanda,Holmes,aholmes29@webnode.com,46,14839.68,100.222.87.10,2603 Lake View Drive
83,Denise,Evans,devans2a@freewebs.com,5,13104.59,65.29.91.1,12126 Morningstar Court
84,Wayne,Parker,wparker2b@imdb.com,74,63154.5,177.158.249.129,594 Gina Parkway
85,Clarence,Garza,cgarza2c@house.gov,73,111096.59,33.180.137.1,3870 5th Place
86,Melissa,Medina,mmedina2d@ihg.com,44,116941.48,200.5.53.208,00 Eastlawn Street
87,Tammy,Rose,trose2e@purevolume.com,82,35104.77,26.153.77.138,695 Prairie Rose Alley
88,John,Lee,jlee2f@google.co.jp,66,49262.1,102.37.124.67,77 Jackson Pass
89,Doris,Jacobs,djacobs2g@is.gd,65,18512.19,113.47.6.29,3 Holmberg Trail
90,Scott,Roberts,sroberts2h@fc2.com,100,110873.75,238.47.131.31,1 Melvin Terrace
91,Jose,Hall,jhall2i@vkontakte.ru,76,13962.14,110.82.60.161,97621 Welch Junction
92,Frances,Montgomery,fmontgomery2j@usnews.com,67,104687.03,107.142.64.71,6763 Oriole Place
93,Bobby,Chavez,bchavez2k@noaa.gov,2,28353.47,90.75.132.156,6 Annamark Way
94,Jesse,Cruz,jcruz2l@lycos.com,56,113827.65,65.149.146.85,635 Grasskamp Court
95,Carol,Miller,cmiller2m@sphinn.com,73,44706.14,5.164.20.174,45 Holy Cross Pass
96,Jack,Jacobs,jjacobs2n@indiatimes.com,71,106294.5,203.7.2.217,80 Wayridge Hill
97,Shawn,Morales,smorales2o@answers.com,88,73501.71,160.186.42.247,84 Gateway Road
98,Patrick,Hayes,phayes2p@gnu.org,3,93955.87,250.237.228.168,044 Summer Ridge Pass
99,Jane,Ferguson,jferguson2q@zimbio.com,66,39592.35,214.208.14.231,6001 Jay Drive
100,Nicholas,Burton,nburton2r@theglobeandmail.com,64,22524.18,120.142.43.169,3 Springview Lane
101,Timothy,Kim,tkim2s@jimdo.com,59,82387.86,74.211.221.211,493 West Alley
102,Karen,Cox,kcox2t@oakley.com,17,77036.6,19.14.199.20,4709 Farmco Center
103,Amanda,Carter,acarter2u@lulu.com,67,67054.03,10.239.200.34,8038 Ruskin Pass
104,Rose,Green,rgreen2v@multiply.com,51,99964.66,74.53.20.73,2748 Pond Trail
105,Catherine,Edwards,cedwards2w@geocities.jp,32,19968.36,85.207.115.202,735 Mallard Drive
106,Peter,Ramos,pramos2x@icq.com,67,89571.59,237.60.169.17,9077 Continental Trail
107,Paul,Vasquez,pvasquez2y@networksolutions.com,81,75937.35,255.222.225.219,6 Kim Place
108,Jeffrey,Baker,jbaker2z@time.com,83,63078.47,188.105.218.139,27124 Oakridge Drive
109,Kelly,Riley,kriley30@shinystat.com,9,84098.13,56.102.248.126,8891 Spenser Place
110,Fred,Daniels,fdaniels31@wunderground.com,7,46629.85,80.160.149.255,71866 Park Meadow Point
111,Annie,Ferguson,aferguson32@cmu.edu,79,110436.22,144.49.0.246,586 School Street
112,Christina,Ford,cford33@constantcontact.com,16,33127.49,94.160.136.106,56041 Goodland Avenue
113,Tammy,Gardner,tgardner34@zimbio.com,97,20688.01,163.160.199.64,710 Truax Terrace
114,Johnny,Smith,jsmith35@apache.org,24,89062.95,116.96.204.106,1222 Westport Street
115,Matthew,Gray,mgray36@google.es,38,64331.67,117.197.199.142,60 Paget Court
116,Harold,Rodriguez,hrodriguez37@csmonitor.com,8,73641.62,178.40.110.119,7 Sherman Crossing
117,Sharon,Warren,swarren38@soup.io,2,39041.95,30.4.84.228,1 Onsgard Lane
118,Larry,George,lgeorge39@aboutads.info,90,45968.77,172.246.118.6,970 Basil Terrace
119,Catherine,Harrison,charrison3a@eepurl.com,75,37583.76,149.196.242.225,74807 Pennsylvania Trail
120,Helen,Foster,hfoster3b@latimes.com,47,73489.9,55.234.185.152,11 Nova Terrace
121,Kelly,Powell,kpowell3c@yahoo.co.jp,51,84421.63,200.60.68.195,0 Village Court
122,Kathleen,Morgan,kmorgan3d@toplist.cz,80,64401.46,23.79.43.243,0 Waxwing Parkway
123,Frank,Gordon,fgordon3e@diigo.com,96,102339.14,1.214.138.182,0487 Continental Point
124,Sarah,Brown,sbrown3f@php.net,88,13625.18,99.28.165.85,94932 Hermina Plaza
125,Ryan,Coleman,rcoleman3g@uol.com.br,63,53971.82,138.240.114.105,732 Fisk Court
126,Deborah,Lane,dlane3h@unc.edu,4,61131.48,7.143.22.213,36997 Acker Crossing
127,Maria,Ferguson,mferguson3i@amazonaws.com,62,105636.17,90.202.178.78,29 Russell Alley
128,Martin,Willis,mwillis3j@tinypic.com,78,51727.59,211.186.210.146,9 Crest Line Parkway
129,Jose,Crawford,jcrawford3k@wisc.edu,74,58371.41,92.13.56.153,4 Coleman Park
130,Ernest,Watkins,ewatkins3l@huffingtonpost.com,63,98728.61,31.156.209.67,82956 Welch Place
131,Eric,Hawkins,ehawkins3m@zimbio.com,43,55790.55,73.126.164.207,224 Anderson Pass
132,Gregory,Meyer,gmeyer3n@google.de,61,58801.53,189.84.105.2,6 Stang Parkway
133,John,Rice,jrice3o@github.io,73,31083.84,4.12.150.207,69813 Messerschmidt Pass
134,Frank,Moreno,fmoreno3p@webnode.com,70,107381.53,124.1.210.42,15 Vidon Lane
135,Nancy,Ross,nross3q@macromedia.com,70,19521.67,197.16.15.7,25045 Hudson Way
136,Aaron,Evans,aevans3r@cloudflare.com,7,41505.35,52.146.77.108,05160 Havey Road
137,Christine,Bennett,cbennett3s@pinterest.com,25,91309.28,100.139.61.209,475 Mifflin Alley
138,Diana,Schmidt,dschmidt3t@google.co.uk,59,60911.98,90.239.177.21,63960 Thierer Court
139,Sara,Hayes,shayes3u@pinterest.com,60,63142.77,224.46.109.13,530 Cordelia Alley
140,Eugene,Perkins,eperkins3v@reuters.com,51,75851.53,64.146.128.145,72672 Golden Leaf Terrace
141,Patricia,Little,plittle3w@gmpg.org,86,53793.16,125.208.95.83,2075 Harbort Place
142,Mark,Russell,mrussell3x@cmu.edu,61,43077.03,144.102.140.181,790 Anthes Junction
143,Carlos,Simpson,csimpson3y@angelfire.com,50,66499.4,133.226.12.63,60534 Hollow Ridge Place
144,Joan,Hill,jhill3z@about.me,47,102623.11,168.180.20.121,1 Bobwhite Court
145,Lois,George,lgeorge40@wikispaces.com,39,37460.04,51.4.95.6,0 Jana Center
146,Julie,Wallace,jwallace41@pen.io,62,110296,180.191.41.237,386 Carioca Center
147,Annie,Parker,aparker42@t.co,45,57910.35,201.59.178.31,904 Dovetail Alley
148,Sharon,Flores,sflores43@aboutads.info,17,47454.36,187.0.13.227,73654 Menomonie Circle
149,Norma,Greene,ngreene44@fema.gov,38,108396.21,0.127.199.188,43 Kedzie Center
150,Betty,Bell,bbell45@fc2.com,42,62176.17,67.146.113.121,2713 Harper Parkway
151,Harry,Gonzalez,hgonzalez46@reuters.com,59,24625.21,162.214.185.25,51336 Northridge Plaza
152,William,Gibson,wgibson47@slideshare.net,41,82505.82,31.158.19.139,427 Kedzie Point
153,Walter,Stewart,wstewart48@who.int,71,34805.16,206.112.242.112,9485 Northport Alley
154,Stephanie,Nelson,snelson49@uiuc.edu,68,18904.44,166.8.197.94,8 Kings Parkway
155,Joyce,Jones,jjones4a@elpais.com,56,62304.44,234.186.147.209,8154 Pennsylvania Junction
156,Sharon,Mcdonald,smcdonald4b@digg.com,74,37061.64,234.186.72.79,51 Lillian Point
157,Jeffrey,Perry,jperry4c@irs.gov,45,107690.61,50.205.112.43,6601 Riverside Road
158,Diane,Romero,dromero4d@cbslocal.com,52,67434.86,133.29.88.231,10751 Raven Pass
159,Carlos,Wilson,cwilson4e@hibu.com,18,85075.7,229.248.235.161,5 Declaration Circle
160,Gloria,Fernandez,gfernandez4f@pinterest.com,41,42932,76.150.193.72,9 Village Pass
161,Harry,Nelson,hnelson4g@squarespace.com,35,70945.61,26.150.147.130,122 Melrose Avenue
162,Lawrence,Daniels,ldaniels4h@google.pl,44,87964.67,100.61.26.106,87345 Katie Junction
163,Ernest,Mccoy,emccoy4i@mtv.com,40,91128.56,189.250.85.193,68 Kennedy Place
164,Louis,Morrison,lmorrison4j@odnoklassniki.ru,89,44760.37,50.82.248.187,7070 Springs Drive
165,Margaret,Weaver,mweaver4k@blogspot.com,20,91136.76,115.14.92.245,579 Corben Lane
166,Carlos,Ramirez,cramirez4l@dyndns.org,82,34208.46,135.221.213.161,84041 Lakeland Trail
167,Laura,Gonzales,lgonzales4m@ucsd.edu,46,24929.98,139.227.57.24,0846 Aberg Point
168,Fred,Warren,fwarren4n@youtube.com,100,117083.52,54.219.62.153,3456 Loomis Place
169,Lisa,Hicks,lhicks4o@paypal.com,29,85263.71,254.243.136.7,8177 Amoth Crossing
170,Linda,Wheeler,lwheeler4p@pen.io,93,84745,28.7.132.41,664 Maple Lane
171,Justin,Webb,jwebb4q@nationalgeographic.com,35,32649.14,27.27.173.157,5226 Oak Valley Court
172,Ruby,Hamilton,rhamilton4r@nifty.com,20,92688.02,0.114.220.204,51 Springview Drive
173,Susan,Carter,scarter4s@wikipedia.org,52,77078.68,85.79.122.175,58 Grasskamp Circle
174,Amy,Cooper,acooper4t@google.fr,12,87783.22,24.218.52.93,5 American Terrace
175,Chris,Oliver,coliver4u@deliciousdays.com,94,54149.84,111.109.252.72,55426 Elmside Pass
176,Louise,Gonzales,lgonzales4v@sakura.ne.jp,30,119457.95,235.117.67.79,94 Anderson Place
177,Sharon,Mason,smason4w@indiatimes.com,31,104989.87,146.240.191.189,3932 Londonderry Way
178,Bobby,Hayes,bhayes4x@springer.com,4,73792,243.192.127.14,1 Spaight Park
179,Todd,Foster,tfoster4y@vk.com,87,27172.92,127.45.182.64,282 Canary Place
180,Albert,Evans,aevans4z@noaa.gov,23,32234.56,133.85.194.229,57 Sugar Avenue
181,Jeremy,Montgomery,jmontgomery50@nydailynews.com,74,62601.32,91.148.5.67,5304 Walton Way
182,Susan,Foster,sfoster51@quantcast.com,54,40366.28,232.77.69.173,7231 Northridge Trail
183,Gary,Rose,grose52@bbc.co.uk,97,16871.61,84.245.248.51,37 Dwight Road
184,Patrick,Day,pday53@hibu.com,68,74144.59,216.29.153.112,982 Cordelia Drive
185,Melissa,Burke,mburke54@youku.com,67,51071.66,56.242.70.148,1 Dawn Avenue
186,Kathryn,Phillips,kphillips55@google.com.hk,8,109192.46,8.100.158.86,54 Summerview Junction
187,Michael,Duncan,mduncan56@domainmarket.com,53,67491.34,6.93.166.251,93965 Transport Pass
188,Diana,Williams,dwilliams57@vimeo.com,88,68974.4,139.22.2.170,271 Mcguire Alley
189,Eric,Lawson,elawson58@nymag.com,12,80121.2,42.26.45.60,14611 Nelson Drive
190,Karen,Hughes,khughes59@cargocollective.com,5,104746.25,90.72.99.24,4 Nelson Parkway
191,Betty,Bryant,bbryant5a@nasa.gov,63,79792.06,198.19.97.69,0514 Canary Way
192,Nicholas,Henderson,nhenderson5b@ed.gov,68,27115.59,192.240.226.69,60264 Nevada Drive
193,Stephanie,Ryan,sryan5c@answers.com,76,19793.92,31.18.36.189,18183 Basil Point
194,Angela,Nguyen,anguyen5d@sun.com,58,25638.55,68.191.133.141,69078 Tomscot Street
195,Larry,Lynch,llynch5e@cnn.com,76,96459.51,248.224.210.75,38814 Nova Point
196,Joseph,Sullivan,jsullivan5f@altervista.org,27,39976.48,225.201.76.133,02 Morrow Crossing
197,Kathleen,Boyd,kboyd5g@theatlantic.com,36,28436.2,21.149.18.144,77485 Warner Parkway
198,Kathy,Fowler,kfowler5h@angelfire.com,5,16530.46,22.135.86.93,67 Elmside Way
199,Michelle,Mitchell,mmitchell5i@lycos.com,31,12284.86,127.66.120.102,25 Tony Hill
200,Ruby,Harrison,rharrison5j@mysql.com,40,20183.49,107.44.157.244,9750 Starling Terrace
201,Alan,Nelson,anelson5k@microsoft.com,95,38774.76,104.111.249.195,8502 Lakewood Court
202,Amanda,Richards,arichards5l@blogtalkradio.com,80,80460.78,171.166.51.19,7222 Dexter Way
203,Christine,Nichols,cnichols5m@ebay.co.uk,19,30016.18,19.56.225.189,341 Riverside Junction
204,Jane,Gordon,jgordon5n@so-net.ne.jp,64,13383.41,248.29.164.42,99 Brickson Park Plaza
205,Janet,Welch,jwelch5o@seattletimes.com,2,18425.57,239.95.248.206,67937 Southridge Street
206,Roger,Smith,rsmith5p@marketwatch.com,21,73648.1,202.30.188.24,841 Center Center
207,Phyllis,Myers,pmyers5q@hugedomains.com,65,55959.39,56.193.200.30,582 Welch Alley
208,Carolyn,Willis,cwillis5r@fastcompany.com,96,94092.33,189.75.160.93,77 Larry Trail
209,Thomas,Hawkins,thawkins5s@artisteer.com,29,31649.94,71.10.113.47,1186 Sutherland Terrace
210,Jessica,Lewis,jlewis5t@cnet.com,68,102991.7,35.178.28.105,544 Declaration Way
211,Frances,Cunningham,fcunningham5u@edublogs.org,12,112207.29,191.51.236.194,5 Lunder Avenue
212,Annie,Wagner,awagner5v@apple.com,35,20812.03,142.14.210.206,3 Esch Terrace
213,Jeremy,Carr,jcarr5w@usatoday.com,29,50206.31,238.208.151.219,62892 Burning Wood Hill
214,Joe,Owens,jowens5x@mozilla.org,89,38938.46,238.39.111.44,448 Hoffman Park
215,Rachel,Lawrence,rlawrence5y@g.co,41,117934.42,50.107.230.93,860 Loeprich Street
216,Louis,Washington,lwashington5z@amazon.co.jp,18,93433.58,170.215.2.211,906 Lake View Park
217,Andrea,Ruiz,aruiz60@shareasale.com,20,101058.73,10.60.194.134,46124 Farmco Trail
218,John,Snyder,jsnyder61@aol.com,23,59941.52,169.215.159.128,80 Rusk Pass
219,Debra,Brooks,dbrooks62@cyberchimps.com,51,33411.7,64.25.60.134,4 Bartelt Hill
220,Henry,Howell,hhowell63@zimbio.com,13,107143.57,237.120.188.129,17 3rd Avenue
221,Matthew,Hayes,mhayes64@addtoany.com,17,117755.67,76.134.63.229,148 Pawling Avenue
222,Catherine,Hudson,chudson65@about.com,72,95583.48,235.92.118.49,2237 Mockingbird Plaza
223,Janice,Hunter,jhunter66@eventbrite.com,39,77503.99,92.36.129.252,650 Vermont Drive
224,Jerry,Schmidt,jschmidt67@google.pl,22,101866.84,156.151.19.247,8 Muir Circle
225,Shawn,Knight,sknight68@harvard.edu,67,70195.08,251.43.13.253,4 Chive Way
226,Catherine,Smith,csmith69@cornell.edu,30,63691.28,23.92.143.190,8 Forster Court
227,Jesse,Rogers,jrogers6a@mit.edu,86,75749.29,201.40.100.153,50459 Parkside Street
228,Kathleen,Johnston,kjohnston6b@cornell.edu,40,49587.97,248.206.58.78,01234 Wayridge Road
229,Rebecca,Watkins,rwatkins6c@posterous.com,99,13580.59,140.63.20.217,135 Kim Avenue
230,Gregory,Daniels,gdaniels6d@eepurl.com,65,34406.57,110.88.203.77,5282 Pepper Wood Terrace
231,Beverly,Murphy,bmurphy6e@va.gov,68,88360.08,109.100.133.140,65650 Lindbergh Street
232,Jennifer,Stone,jstone6f@vistaprint.com,24,59836.14,2.94.128.175,72217 Coleman Terrace
233,Melissa,Edwards,medwards6g@economist.com,74,113049.56,201.105.47.127,78 Basil Terrace
234,Bonnie,Richards,brichards6h@psu.edu,71,90873.81,175.244.187.138,50962 Clemons Alley
235,Louis,Medina,lmedina6i@discovery.com,96,57925.92,74.251.46.74,0966 Talisman Center
236,Thomas,Parker,tparker6j@mozilla.org,77,75921.74,187.41.79.4,313 Manitowish Lane
237,Kevin,Rice,krice6k@reverbnation.com,6,84240.32,204.53.93.212,068 Kinsman Terrace
238,Brian,Hicks,bhicks6l@dyndns.org,69,29089.55,170.206.65.233,5 Maple Wood Alley
239,Catherine,Carr,ccarr6m@jigsy.com,70,83349.97,171.173.120.190,26829 Butternut Avenue
240,Annie,Baker,abaker6n@livejournal.com,79,41815.39,31.106.215.191,5 Darwin Road
241,Teresa,Reid,treid6o@bloomberg.com,33,92826.68,189.96.44.111,84 Ruskin Hill
242,Joyce,Coleman,jcoleman6p@delicious.com,42,12525.49,47.194.53.162,92701 Vernon Center
243,Nicole,Mills,nmills6q@xrea.com,47,84935.42,255.114.126.16,4591 Village Center
244,Scott,Austin,saustin6r@ifeng.com,33,115679.22,220.87.228.214,040 Meadow Vale Avenue
245,Christopher,Wallace,cwallace6s@adobe.com,11,70832.08,94.133.96.247,1 Miller Street
246,Patrick,Torres,ptorres6t@blogger.com,80,39372.51,222.127.33.170,55331 Carey Pass
247,Patrick,Fuller,pfuller6u@meetup.com,46,48906.94,108.243.181.234,19 Tony Circle
248,Deborah,Stephens,dstephens6v@phoca.cz,96,59781.54,227.188.7.210,7304 Oak Hill
249,Marilyn,Davis,mdavis6w@admin.ch,1,23569.65,138.201.161.193,8458 Sutherland Park
250,Robert,Watson,rwatson6x@netvibes.com,71,26266.15,140.83.168.30,4711 Kensington Place
251,Tammy,Parker,tparker6y@prlog.org,81,79349.79,58.176.106.207,987 Miller Parkway
252,Terry,Payne,tpayne6z@businessinsider.com,62,89385.79,89.112.159.28,39757 Sunnyside Terrace
253,Eric,Griffin,egriffin70@si.edu,55,56484.92,111.95.75.174,47 International Court
254,Brenda,Hart,bhart71@blog.com,93,110188.08,23.37.60.214,2 Nancy Hill
255,Kathryn,Hill,khill72@yelp.com,7,46956.68,93.150.191.52,37 Caliangt Hill
256,Angela,Moreno,amoreno73@wikimedia.org,38,44404.66,136.115.74.236,4427 Northview Hill
257,Paul,Moreno,pmoreno74@comcast.net,28,29514.95,179.150.25.246,36505 Monterey Lane
258,Timothy,Cox,tcox75@dropbox.com,30,16459.7,55.192.137.183,41 Anderson Circle
259,Joan,Murray,jmurray76@cnet.com,85,67414.54,51.55.140.20,55 Westridge Plaza
260,Jeffrey,Wagner,jwagner77@goodreads.com,17,115685.8,124.46.189.204,2 Muir Hill
261,Jonathan,Banks,jbanks78@imdb.com,2,52686.69,171.137.151.78,8 Claremont Park
262,Frank,Perez,fperez79@chronoengine.com,47,100267.2,187.121.80.133,3705 Mallory Circle
263,Ralph,Olson,rolson7a@disqus.com,85,59833.25,102.154.62.135,201 Hansons Pass
264,Brenda,Harvey,bharvey7b@apple.com,22,79925.63,241.73.135.206,403 Hansons Plaza
265,Gloria,Morgan,gmorgan7c@elegantthemes.com,47,32476.72,188.245.106.142,63 Washington Circle
266,Alan,Reyes,areyes7d@alexa.com,82,89298.56,120.239.156.57,129 Kensington Place
267,Antonio,Long,along7e@icio.us,52,71311.78,150.198.114.218,0997 Norway Maple Park
268,Kenneth,Woods,kwoods7f@zimbio.com,78,60762.21,0.57.235.7,628 Grim Drive
269,Irene,Spencer,ispencer7g@mediafire.com,61,35696.86,112.134.155.178,5 Jana Hill
270,Louis,Ward,lward7h@facebook.com,31,48360.22,188.222.208.231,970 Toban Center
271,Kathy,Ross,kross7i@pcworld.com,65,97525.9,32.41.173.88,17532 Hoard Alley
272,Emily,Bailey,ebailey7j@reference.com,26,58708.86,48.14.68.79,938 Rockefeller Terrace
273,Virginia,Gutierrez,vgutierrez7k@ehow.com,62,41329.82,229.56.52.237,80281 Rusk Plaza
274,Ronald,Andrews,randrews7l@xing.com,49,79536.07,200.100.218.195,1 Charing Cross Way
275,Clarence,Moreno,cmoreno7m@amazon.co.jp,49,107140.6,27.142.56.241,5541 Sachtjen Way
276,Larry,Gordon,lgordon7n@hhs.gov,57,116328.42,177.222.60.13,2345 Reindahl Point
277,Roger,Henry,rhenry7o@sourceforge.net,36,81154.16,82.254.229.221,6302 Melody Circle
278,Albert,Wheeler,awheeler7p@google.ru,12,97401.85,190.122.246.203,11257 Roxbury Center
279,Paula,Banks,pbanks7q@miitbeian.gov.cn,99,59229.77,93.7.244.45,00 Northridge Street
280,Deborah,Rice,drice7r@sbwire.com,69,35275.05,34.44.211.41,1 Chive Avenue
281,Cheryl,Jacobs,cjacobs7s@reuters.com,57,119651.78,129.156.100.52,4 Gulseth Plaza
282,Michael,Rivera,mrivera7t@constantcontact.com,37,14222.58,19.9.81.58,28193 Glacier Hill Place
283,Johnny,Washington,jwashington7u@microsoft.com,91,14517.99,55.132.14.205,520 Arkansas Drive
284,Andrea,Gutierrez,agutierrez7v@eepurl.com,92,65621.7,90.239.189.240,0977 Florence Park
285,Kathryn,Miller,kmiller7w@feedburner.com,91,49351.17,212.227.44.13,37772 Hoepker Terrace
286,Annie,Daniels,adaniels7x@moonfruit.com,85,18076.73,121.190.114.101,9 Crownhardt Drive
287,Douglas,Holmes,dholmes7y@si.edu,28,45744.5,228.237.194.196,4 Prairieview Point
288,Donald,Webb,dwebb7z@biglobe.ne.jp,82,89838.37,82.180.8.84,07 Londonderry Center
289,Brenda,Payne,bpayne80@cdc.gov,24,117066.66,167.199.197.221,5 Banding Lane
290,Phyllis,Gomez,pgomez81@mapquest.com,42,107815.71,55.216.184.10,30 Heffernan Avenue
291,Jane,Mendoza,jmendoza82@studiopress.com,15,65774.8,158.66.248.95,8296 Granby Street
292,John,Brown,jbrown83@ox.ac.uk,87,52836.73,63.85.7.237,3121 Clarendon Junction
293,Billy,Kennedy,bkennedy84@utexas.edu,50,49477.34,83.241.91.171,58 Florence Point
294,Ernest,Kennedy,ekennedy85@biblegateway.com,100,22764.52,96.248.226.151,630 Melvin Circle
295,Joyce,Lynch,jlynch86@virginia.edu,36,65170.46,20.57.132.9,1 Anderson Parkway
296,Walter,Black,wblack87@posterous.com,9,37832.16,245.125.40.149,4137 Parkside Court
297,Adam,Lynch,alynch88@ifeng.com,87,67447.82,11.97.165.34,5 Claremont Center
298,John,Black,jblack89@accuweather.com,73,41364.02,65.165.51.162,96 Dapin Place
299,Lisa,Ferguson,lferguson8a@sun.com,63,37197.35,140.127.245.1,81 Upham Park
300,Aaron,Mccoy,amccoy8b@dagondesign.com,56,119626.37,240.201.220.186,0007 Sachtjen Park
301,Ralph,Green,rgreen8c@archive.org,72,72630.75,69.65.170.212,570 Sunfield Center
302,Juan,Richardson,jrichardson8d@yale.edu,49,69074.91,153.187.196.103,10 Grim Plaza
303,Karen,Moore,kmoore8e@bigcartel.com,77,113795.06,31.98.37.4,71876 Rutledge Hill
304,Eric,Snyder,esnyder8f@ycombinator.com,53,108340.04,71.155.113.169,4 Hagan Trail
305,Mildred,Gordon,mgordon8g@clickbank.net,11,73180.04,244.98.162.162,2 Brentwood Circle
306,Diane,Franklin,dfranklin8h@ucsd.edu,6,55477,129.87.64.202,88689 Oak Place
307,Marie,Daniels,mdaniels8i@paginegialle.it,1,102169.96,11.91.100.131,55255 Waubesa Alley
308,Gerald,Perez,gperez8j@bandcamp.com,25,16062,70.115.43.237,31121 Hollow Ridge Center
309,Johnny,Snyder,jsnyder8k@nasa.gov,62,60545.05,243.69.100.165,0 Coleman Place
310,Ann,Holmes,aholmes8l@jiathis.com,64,75748.83,145.212.107.105,12764 5th Crossing
311,Michelle,Lee,mlee8m@ucoz.com,18,33107.49,56.208.72.121,21 Cherokee Place
312,Keith,Wells,kwells8n@weather.com,30,112912.37,183.51.106.191,1724 David Park
313,Victor,Franklin,vfranklin8o@dedecms.com,78,98409.72,199.24.55.81,46 Jenifer Parkway
314,Douglas,Anderson,danderson8p@webeden.co.uk,79,21974.56,98.68.91.32,51839 Stephen Center
315,Christine,Freeman,cfreeman8q@reddit.com,14,72863.99,238.165.188.135,5 Elmside Trail
316,Julie,Hall,jhall8r@reddit.com,58,83304.81,231.149.215.165,50727 Quincy Point
317,Margaret,Kim,mkim8s@umich.edu,80,89954.63,7.193.131.37,98465 Scofield Crossing
318,Marie,Dixon,mdixon8t@jiathis.com,9,33748.35,132.35.101.168,0658 Fairfield Parkway
319,Richard,Murphy,rmurphy8u@yellowbook.com,64,54154.96,98.115.142.154,598 Forest Parkway
320,Margaret,Simpson,msimpson8v@moonfruit.com,62,118008.6,50.213.241.159,857 Sage Lane
321,Margaret,Gardner,mgardner8w@bbc.co.uk,43,38995.01,89.254.54.88,6 5th Plaza
322,Alice,Turner,aturner8x@utexas.edu,56,84302.32,161.166.135.38,8459 Gerald Hill
323,Tina,Gutierrez,tgutierrez8y@yellowpages.com,97,88435.77,171.129.206.174,3570 Bluejay Hill
324,Louis,Cole,lcole8z@comsenz.com,28,46423.42,119.6.182.200,87 Sutherland Parkway
325,Phillip,Wright,pwright90@t.co,86,37689.47,186.44.5.248,8303 Moland Alley
326,Larry,Hanson,lhanson91@tripod.com,58,32310.11,83.148.6.252,97 American Terrace
327,Christopher,Burton,cburton92@jiathis.com,7,18431.85,149.166.111.189,39632 Anzinger Park
328,Kathy,Bradley,kbradley93@gmpg.org,71,43499.8,94.139.67.219,9872 Warner Center
329,Robin,Gibson,rgibson94@mysql.com,48,36541.24,114.197.252.125,88208 Reindahl Terrace
330,Benjamin,Franklin,bfranklin95@bbc.co.uk,48,17698.66,246.146.155.15,689 Mosinee Hill
331,Marie,Freeman,mfreeman96@businessweek.com,62,89982.81,87.49.72.44,0204 Ridge Oak Place
332,Randy,Hughes,rhughes97@ucoz.ru,68,73649.45,252.190.240.205,08 Norway Maple Point
333,Virginia,Cook,vcook98@admin.ch,97,108898.25,59.46.231.240,8015 Pleasure Point
334,Mark,Gibson,mgibson99@friendfeed.com,64,26305,38.74.198.208,415 Columbus Crossing
335,Judy,Montgomery,jmontgomery9a@is.gd,80,81285.21,4.157.175.246,06 Dwight Terrace
336,Kevin,Cox,kcox9b@quantcast.com,23,16200.31,70.72.56.158,620 Messerschmidt Street
337,Virginia,Bennett,vbennett9c@i2i.jp,7,82618.42,188.28.38.65,26608 Upham Junction
338,Peter,Stephens,pstephens9d@businessweek.com,25,94318.49,107.126.137.105,16 Moulton Junction
339,Pamela,Ward,pward9e@accuweather.com,46,89070.4,221.179.167.67,916 Mcguire Point
340,Diana,Cox,dcox9f@usda.gov,37,114205.51,178.179.251.214,0204 Raven Court
341,Steve,Austin,saustin9g@msn.com,43,27579.55,209.193.127.219,13 Eastlawn Crossing
342,Jerry,Ramos,jramos9h@craigslist.org,42,85055.11,137.220.190.224,74627 Shopko Way
343,Alice,Harper,aharper9i@princeton.edu,24,46126.73,116.138.8.85,42741 Talisman Terrace
344,Helen,Burke,hburke9j@state.gov,30,33119.42,1.35.31.231,4 Sutteridge Lane
345,Philip,Willis,pwillis9k@so-net.ne.jp,46,118672.14,199.169.52.220,69 Bunting Circle
346,Peter,Watkins,pwatkins9l@altervista.org,13,46771.42,254.218.76.227,5576 Stone Corner Park
347,David,Morales,dmorales9m@umn.edu,71,32514.27,30.23.7.82,7 Loeprich Center
348,Adam,Hill,ahill9n@jalbum.net,31,98010.65,81.54.155.155,470 Quincy Drive
349,Carlos,Myers,cmyers9o@facebook.com,28,13043.61,254.21.235.80,8947 Red Cloud Center
350,Frank,Cooper,fcooper9p@storify.com,67,104730.65,173.255.184.46,46 Center Street
351,Frank,Cooper,fcooper9q@aol.com,68,72708.25,170.156.71.22,79 Homewood Park
352,Martha,Reynolds,mreynolds9r@dion.ne.jp,22,42430.2,119.162.77.14,3 Darwin Trail
353,Jose,Hunt,jhunt9s@latimes.com,2,38722.87,53.196.17.124,31 Daystar Center
354,Catherine,Rivera,crivera9t@omniture.com,22,52153.24,37.157.90.72,7705 3rd Pass
355,Debra,Mcdonald,dmcdonald9u@blogger.com,38,61455.09,77.244.60.71,7 Summer Ridge Circle
356,Randy,Wells,rwells9v@comsenz.com,37,44022.81,221.203.42.36,7189 Lakeland Place
357,Betty,Allen,ballen9w@youku.com,53,102056.56,173.8.123.158,8 Nancy Place
358,Stephanie,Russell,srussell9x@163.com,85,84333,43.26.35.239,705 Fieldstone Street
359,Robert,Fields,rfields9y@zdnet.com,59,71057.15,53.126.47.60,44 New Castle Avenue
360,Adam,Murray,amurray9z@domainmarket.com,73,49631.69,106.129.57.10,5 Gulseth Plaza
361,Jason,Gibson,jgibsona0@europa.eu,84,89388.76,28.148.11.218,13 Graedel Hill
362,Kelly,Kennedy,kkennedya1@youtube.com,41,56651.71,73.6.36.218,0267 Nobel Crossing
363,Phillip,Tucker,ptuckera2@mit.edu,47,59211.37,93.114.81.129,610 Dexter Road
364,Jerry,Gibson,jgibsona3@bravesites.com,53,32913.96,38.56.25.222,39653 Marcy Way
365,Jeremy,Coleman,jcolemana4@msn.com,80,46106.68,224.58.118.242,23 Susan Way
366,Helen,Sullivan,hsullivana5@msn.com,5,104374.64,150.99.139.170,85604 Monument Parkway
367,Christina,Cruz,ccruza6@usgs.gov,82,22539.78,255.164.231.90,63779 Bluestem Road
368,Johnny,Fuller,jfullera7@bloglines.com,5,72410.23,25.23.141.240,06222 Ramsey Alley
369,Wanda,Hernandez,whernandeza8@posterous.com,16,18307.65,222.151.216.71,77772 2nd Trail
370,Larry,Bishop,lbishopa9@tuttocitta.it,11,52629.38,208.202.150.250,95 Fairfield Point
371,Anthony,Lynch,alynchaa@hatena.ne.jp,96,34502.29,241.25.191.36,9 Novick Parkway
372,Albert,Morrison,amorrisonab@techcrunch.com,52,66248.16,49.14.228.156,431 Kensington Hill
373,Cheryl,Thomas,cthomasac@statcounter.com,49,114727.06,77.4.121.13,8832 Hovde Plaza
374,Richard,Jackson,rjacksonad@yellowpages.com,15,36653.63,80.186.98.22,92 Golf Course Lane
375,Heather,Lawrence,hlawrenceae@cisco.com,71,44355.62,73.109.225.99,4616 Buhler Parkway
376,Jack,Matthews,jmatthewsaf@mozilla.org,83,92328.64,212.208.114.176,319 Montana Circle
377,Dorothy,Jacobs,djacobsag@who.int,10,79546.63,62.189.100.233,28 Logan Park
378,Kenneth,Peters,kpetersah@webs.com,40,50752.84,235.188.123.136,9882 Talmadge Circle
379,Nancy,Murray,nmurrayai@jugem.jp,81,20498.64,36.4.30.49,654 Rusk Avenue
380,Timothy,Hanson,thansonaj@tmall.com,45,67815.7,5.241.224.83,02 Cottonwood Hill
381,Betty,Morgan,bmorganak@aol.com,99,47048.48,4.88.200.107,527 Butternut Way
382,Amanda,Harper,aharperal@nih.gov,56,79731.88,174.202.220.195,13 Sherman Park
383,Eric,Larson,elarsonam@statcounter.com,7,66320.19,177.164.152.8,65512 Starling Road
384,Henry,Fowler,hfowleran@marriott.com,99,62483.73,19.242.196.236,2 Lighthouse Bay Lane
385,Frank,Boyd,fboydao@wsj.com,7,75805.24,89.100.25.245,35 Northridge Plaza
386,Jack,Robinson,jrobinsonap@disqus.com,96,74320.32,75.243.166.94,953 Kropf Court
387,Emily,Fowler,efowleraq@microsoft.com,27,18301.85,211.166.7.90,9 Dryden Hill
388,Terry,Patterson,tpattersonar@wikia.com,86,118760.28,8.127.46.7,019 Little Fleur Crossing
389,Samuel,Hernandez,shernandezas@bizjournals.com,16,114108.94,222.105.103.179,80060 Maple Wood Center
390,Dennis,Kelly,dkellyat@hostgator.com,19,111762.64,125.178.70.174,60694 Pleasure Crossing
391,Victor,Ray,vrayau@discovery.com,11,29262.62,216.53.172.192,277 Mockingbird Road
392,Sean,Torres,storresav@apple.com,69,49260.72,179.125.29.43,107 5th Crossing
393,Robert,Barnes,rbarnesaw@merriam-webster.com,22,53324.96,24.49.227.238,8750 Derek Park
394,Joseph,Marshall,jmarshallax@4shared.com,31,19150.86,76.158.37.219,94 Texas Way
395,Barbara,Banks,bbanksay@indiatimes.com,93,23524.59,197.36.249.213,6 Loeprich Plaza
396,Jeffrey,Moore,jmooreaz@wikipedia.org,84,31450.13,119.119.23.174,7 Anderson Street
397,Joan,Reynolds,jreynoldsb0@buzzfeed.com,51,67349.52,182.200.58.109,3302 Oak Valley Avenue
398,Robin,Carr,rcarrb1@adobe.com,55,63451.67,210.108.124.121,678 Sunbrook Lane
399,Willie,Morales,wmoralesb2@prweb.com,24,23816.94,56.106.46.229,5491 Rigney Center
400,Jose,Frazier,jfrazierb3@istockphoto.com,1,23172.16,40.116.49.125,588 Harbort Plaza
401,Joyce,Baker,jbakerb4@over-blog.com,73,116072.79,47.158.202.167,8989 Hollow Ridge Trail
402,Susan,Collins,scollinsb5@pagesperso-orange.fr,95,55527.16,63.120.110.29,35 Sugar Drive
403,Jean,Romero,jromerob6@nbcnews.com,97,77594.54,118.201.108.104,960 Merry Point
404,Jerry,Black,jblackb7@nasa.gov,1,105954.89,197.102.195.91,59881 Calypso Park
405,Richard,Ferguson,rfergusonb8@slideshare.net,2,39518.36,132.215.162.49,317 Logan Pass
406,Jeremy,Jordan,jjordanb9@cbsnews.com,18,26249.38,216.122.184.179,74 Huxley Park
407,Benjamin,Hamilton,bhamiltonba@aol.com,86,35677.61,51.239.57.9,47 Derek Trail
408,Frances,Webb,fwebbbb@liveinternet.ru,14,58815,195.183.226.85,68310 Forest Dale Hill
409,Harry,Reynolds,hreynoldsbc@domainmarket.com,3,109768.55,43.208.119.61,40101 Kenwood Point
410,James,Lawrence,jlawrencebd@ucoz.com,19,40178.68,76.202.214.54,93000 Calypso Alley
411,Ruby,Gray,rgraybe@chronoengine.com,53,39252.3,152.147.6.52,2 Linden Trail
412,Shirley,Allen,sallenbf@wikispaces.com,56,42061.85,132.248.209.202,76924 Lake View Plaza
413,Jason,Garza,jgarzabg@dagondesign.com,66,17534.16,133.96.175.144,19860 Dixon Trail
414,Scott,Bishop,sbishopbh@deviantart.com,52,41003.83,110.46.21.226,9919 Vera Parkway
415,Katherine,Daniels,kdanielsbi@shinystat.com,51,80658.98,162.3.159.55,87 Debra Drive
416,Teresa,Payne,tpaynebj@nature.com,80,85031.67,255.78.181.159,3444 Everett Hill
417,Elizabeth,Rose,erosebk@yelp.com,45,51338.32,39.36.236.5,1768 Magdeline Park
418,Nancy,Reid,nreidbl@ucla.edu,86,25961.22,244.229.93.128,5 Evergreen Crossing
419,Julia,Hunter,jhunterbm@nba.com,97,70726.56,130.125.39.223,65 Doe Crossing Trail
420,Brenda,Morales,bmoralesbn@answers.com,100,27016.89,49.53.230.205,6 Johnson Crossing
421,Jane,Allen,jallenbo@unc.edu,26,53591.46,165.226.123.173,0 Merchant Park
422,Philip,Jacobs,pjacobsbp@hp.com,63,108967.59,181.77.191.33,85318 Loftsgordon Place
423,Eric,Stevens,estevensbq@huffingtonpost.com,93,82599.41,137.178.110.71,45309 Independence Alley
424,Melissa,Robinson,mrobinsonbr@miitbeian.gov.cn,62,117670.77,74.66.55.208,1 Browning Way
425,Donna,Russell,drussellbs@fda.gov,87,68375.92,75.145.5.222,1 Shopko Drive
426,Sean,Hamilton,shamiltonbt@npr.org,84,38407.53,218.130.16.253,2 Talmadge Trail
427,Wayne,White,wwhitebu@answers.com,73,103094,244.158.147.235,61475 Badeau Place
428,Randy,Greene,rgreenebv@hhs.gov,89,38227.01,96.161.13.79,90221 Lukken Plaza
429,Bonnie,Mills,bmillsbw@theguardian.com,78,34533.49,128.71.117.168,650 Dawn Court
430,Frank,Porter,fporterbx@weather.com,50,116710.28,42.112.125.108,40 Vera Court
431,Margaret,Fisher,mfisherby@globo.com,84,69067.41,43.51.200.71,50 Stoughton Point
432,Betty,Ross,brossbz@java.com,11,20449.6,200.48.132.111,85 Independence Park
433,Andrew,Carr,acarrc0@oakley.com,44,84416.69,184.250.157.122,2046 Pleasure Plaza
434,Carl,White,cwhitec1@msn.com,90,107217.44,209.2.251.161,1 Bluestem Drive
435,Robin,Holmes,rholmesc2@youku.com,29,113024,146.101.234.229,9 Corry Hill
436,Heather,Mitchell,hmitchellc3@phpbb.com,88,92820.96,11.231.109.180,0 Fieldstone Way
437,Louis,Hall,lhallc4@oakley.com,60,90356.26,111.103.72.101,3770 Mccormick Drive
438,Julia,Vasquez,jvasquezc5@sakura.ne.jp,19,90175.04,67.23.17.209,37 Golf View Point
439,Craig,Garcia,cgarciac6@webeden.co.uk,77,43563.91,146.227.217.232,3 Banding Court
440,Adam,Scott,ascottc7@digg.com,51,109780.88,237.114.88.114,22 Di Loreto Place
441,David,Sanchez,dsanchezc8@multiply.com,68,74979.7,38.21.22.159,25 Caliangt Park
442,Jack,Arnold,jarnoldc9@admin.ch,5,105064.54,161.152.143.214,8386 Corben Avenue
443,Kathy,Gray,kgrayca@discuz.net,49,62755.19,143.211.95.135,88 Main Junction
444,Joe,Mason,jmasoncb@newyorker.com,65,75724.55,182.169.136.44,95472 Texas Point
445,Brenda,Richardson,brichardsoncc@washingtonpost.com,27,89919.05,179.187.212.227,1 Graedel Way
446,Carl,Perez,cperezcd@intel.com,24,87834.51,114.92.119.229,11 Morrow Alley
447,Diana,Greene,dgreenece@i2i.jp,41,76946.07,2.160.220.69,0 Westerfield Place
448,Kathryn,Campbell,kcampbellcf@sciencedirect.com,34,95367.04,215.134.105.49,513 Harper Trail
449,Jesse,Berry,jberrycg@eepurl.com,35,87181.8,71.255.51.132,49 Superior Lane
450,Catherine,West,cwestch@umich.edu,85,48574.8,87.161.5.65,497 Scoville Court
451,Anne,Hudson,ahudsonci@clickbank.net,80,76641.22,44.55.230.153,889 Merry Place
452,Jacqueline,West,jwestcj@addthis.com,19,70570.28,52.99.207.231,49667 Anhalt Lane
453,Victor,Turner,vturnerck@amazon.de,66,90727.56,108.110.217.63,60398 Ramsey Point
454,Donald,Stanley,dstanleycl@eventbrite.com,71,62391.59,37.50.64.182,947 Mosinee Pass
455,Martin,Reed,mreedcm@boston.com,63,53557.06,252.187.210.72,07 Chive Court
456,Lois,Ferguson,lfergusoncn@uol.com.br,59,19080.95,72.62.88.228,632 Milwaukee Center
457,Patrick,Watson,pwatsonco@fda.gov,41,80656.06,66.115.121.75,3889 Northridge Point
458,Linda,Baker,lbakercp@oaic.gov.au,93,98672.58,215.7.34.197,25828 Longview Trail
459,Donald,Martin,dmartincq@multiply.com,85,62780.15,211.101.40.209,4980 Havey Center
460,Brenda,Olson,bolsoncr@un.org,14,64384,223.21.194.143,1806 Lakeland Court
461,Randy,Perry,rperrycs@uiuc.edu,96,88411,27.81.191.199,9 Express Place
462,Wayne,Ortiz,wortizct@eventbrite.com,90,43011.04,201.2.72.86,75475 Michigan Way
463,Jesse,Lee,jleecu@ted.com,81,87921.81,176.111.252.26,7 Utah Point
464,Jimmy,Garcia,jgarciacv@cyberchimps.com,31,24772.9,62.52.113.245,1 Jackson Junction
465,Mildred,Cole,mcolecw@goodreads.com,84,42363.41,53.72.102.116,54 Lake View Point
466,Jerry,Bishop,jbishopcx@goo.ne.jp,14,82761.34,92.65.127.200,044 Oak Drive
467,Johnny,Clark,jclarkcy@scientificamerican.com,87,113827.9,52.142.88.187,9601 Dahle Crossing
468,Katherine,Romero,kromerocz@issuu.com,9,111005.08,114.117.132.143,980 Tennyson Crossing
469,Lisa,Robinson,lrobinsond0@w3.org,98,41368.32,219.26.195.126,80 Grover Terrace
470,Gloria,Edwards,gedwardsd1@scribd.com,16,95946.45,72.171.35.109,8 Vahlen Drive
471,Shawn,Tucker,stuckerd2@blogtalkradio.com,8,102812.29,236.55.41.255,95462 Declaration Avenue
472,Janet,Long,jlongd3@goodreads.com,50,28817.76,68.21.210.204,9426 Manley Parkway
473,Shirley,Long,slongd4@photobucket.com,80,47334.57,172.36.171.96,6341 Harbort Parkway
474,Sean,Ortiz,sortizd5@tripadvisor.com,55,67591.76,2.63.31.58,1871 Crest Line Park
475,Richard,Bowman,rbowmand6@usgs.gov,38,107898.93,246.187.197.133,8 Harbort Point
476,Christopher,Mendoza,cmendozad7@yelp.com,46,52583.46,13.203.244.220,3 Summit Terrace
477,Jesse,Franklin,jfranklind8@simplemachines.org,19,118842.33,48.91.25.138,492 Hanover Hill
478,Adam,Ellis,aellisd9@virginia.edu,77,49584.13,207.251.90.150,672 Red Cloud Lane
479,Rose,Green,rgreenda@timesonline.co.uk,73,15427.56,185.193.255.49,27428 Londonderry Plaza
480,Beverly,Jordan,bjordandb@imageshack.us,84,49941.54,147.68.172.174,0 Sachs Pass
481,Margaret,Lewis,mlewisdc@springer.com,91,71021.14,211.224.222.152,1126 Marcy Street
482,Jimmy,Nguyen,jnguyendd@sitemeter.com,4,108959.82,240.232.59.54,764 Park Meadow Circle
483,Julia,Ramos,jramosde@huffingtonpost.com,33,46944.9,139.82.2.161,7 Hauk Way
484,Cheryl,Gray,cgraydf@fotki.com,33,95763.26,216.71.137.218,168 Truax Park
485,Scott,Stephens,sstephensdg@indiatimes.com,92,108643.95,128.95.237.13,7 Montana Trail
486,Bruce,Howard,bhowarddh@xrea.com,73,94991.38,182.252.202.226,07 Erie Court
487,Anna,Carroll,acarrolldi@cmu.edu,9,49455.25,55.54.155.179,35 Nancy Way
488,David,Scott,dscottdj@skyrock.com,36,58930.34,0.189.89.151,767 Paget Center
489,Antonio,Dunn,adunndk@phoca.cz,17,19611.27,76.227.200.42,401 Crownhardt Circle
490,Albert,Jones,ajonesdl@google.de,30,54205.47,250.91.79.53,511 Melby Place
491,Christina,Peterson,cpetersondm@hud.gov,73,18522.32,10.103.79.31,13994 Talisman Hill
492,Janice,Bowman,jbowmandn@cisco.com,60,117773.05,161.253.234.173,1 Spohn Center
493,Rachel,Ferguson,rfergusondo@gnu.org,1,48523.24,131.244.66.189,974 Hermina Street
494,Laura,Kelly,lkellydp@engadget.com,66,46692.4,60.206.99.224,184 Park Meadow Point
495,Wanda,Simpson,wsimpsondq@gnu.org,47,23713.08,84.161.3.218,1883 Sutherland Pass
496,Harry,Cooper,hcooperdr@bloglovin.com,20,100608.83,198.111.155.62,82 Charing Cross Crossing
497,Nicholas,Garcia,ngarciads@smh.com.au,35,78385.41,161.152.98.77,814 Cardinal Center
498,Ashley,Fields,afieldsdt@mozilla.com,34,75236.78,82.214.58.156,12 Memorial Crossing
499,Wayne,Smith,wsmithdu@symantec.com,12,52255.71,127.99.18.201,2 Merry Road
500,Keith,Cunningham,kcunninghamdv@edublogs.org,91,53432.16,101.253.44.28,4 Dennis Junction
501,Christopher,Perry,cperrydw@tinyurl.com,30,99135.66,185.64.21.114,7437 Eliot Plaza
502,Pamela,Smith,psmithdx@patch.com,16,29598.47,166.85.150.233,23959 Pleasure Way
503,Joan,Andrews,jandrewsdy@unblog.fr,31,19369.42,173.255.52.83,08 Sullivan Court
504,Marilyn,Hall,mhalldz@creativecommons.org,98,68061.85,11.5.136.59,17488 Vera Terrace
505,Charles,Gomez,cgomeze0@wired.com,52,98404.02,34.145.160.224,161 Forest Park
506,Alice,Wood,awoode1@wufoo.com,86,86400.36,9.27.115.188,86 Hagan Court
507,Melissa,Gray,mgraye2@dropbox.com,29,84326.7,64.185.252.129,844 Green Ridge Pass
508,Jeremy,Gray,jgraye3@google.fr,38,100087.38,148.247.74.228,049 Swallow Terrace
509,Jean,Lewis,jlewise4@dailymotion.com,42,53042.99,165.139.131.107,1 Forest Run Way
510,Scott,Arnold,sarnolde5@github.io,71,34215.42,242.188.140.42,58837 Magdeline Lane
511,William,Coleman,wcolemane6@archive.org,99,88759.65,245.118.27.86,885 Stone Corner Trail
512,Earl,Evans,eevanse7@ucoz.com,23,30463.09,162.51.78.158,2 Victoria Circle
513,Rachel,Fernandez,rfernandeze8@fda.gov,57,29626.58,19.167.119.234,7313 Village Green Way
514,Roger,Fox,rfoxe9@addthis.com,14,50733.02,145.184.104.3,18 Express Junction
515,Joan,Mccoy,jmccoyea@biblegateway.com,21,65976.83,165.179.137.68,40 Orin Place
516,Juan,Ford,jfordeb@home.pl,60,25415.62,36.110.211.22,554 Granby Pass
517,Wanda,Stephens,wstephensec@1688.com,95,48487.76,169.154.210.158,3807 Thackeray Way
518,Randy,Jenkins,rjenkinsed@dropbox.com,54,31028.54,127.32.182.227,4491 Schurz Alley
519,Louise,Morales,lmoralesee@hhs.gov,75,17930.86,159.216.146.227,6 Pond Alley
520,Joan,Hayes,jhayesef@opera.com,5,56316.11,85.116.245.196,02107 Bultman Terrace
521,Samuel,Day,sdayeg@usnews.com,40,103705.12,42.200.160.253,7912 Hayes Street
522,Judy,Davis,jdaviseh@360.cn,67,43382.89,42.114.112.71,67247 Manufacturers Junction
523,Irene,Matthews,imatthewsei@vk.com,83,47258.57,105.10.37.120,9 Mcguire Way
524,Martin,Kelley,mkelleyej@nationalgeographic.com,40,83914.79,15.164.3.93,7104 Grasskamp Way
525,Keith,Holmes,kholmesek@cbc.ca,65,104686,38.51.222.185,10 Florence Street
526,Juan,Harrison,jharrisonel@hexun.com,98,24306.63,202.38.39.178,9 Warner Crossing
527,Amy,Jenkins,ajenkinsem@census.gov,80,39291.93,118.208.219.201,9 Oneill Court
528,Ronald,Chavez,rchavezen@fastcompany.com,98,76536.01,102.170.217.1,55589 Carey Alley
529,Julia,Rivera,jriveraeo@gov.uk,100,54801.36,133.251.124.245,099 Gina Center
530,Janet,Powell,jpowellep@livejournal.com,3,24655.25,175.181.21.254,0636 Colorado Park
531,Mildred,Garrett,mgarretteq@hugedomains.com,51,59218.16,168.171.184.232,06 West Avenue
532,Lisa,Webb,lwebber@facebook.com,39,106107.43,43.188.148.125,84 Mosinee Street
533,David,Murray,dmurrayes@tripod.com,22,30898.14,4.167.9.211,102 Kensington Crossing
534,Ralph,Evans,revanset@va.gov,41,47832.27,142.233.245.125,4369 Gateway Plaza
535,Bruce,Green,bgreeneu@4shared.com,80,46968.45,119.243.181.75,9 Elmside Circle
536,Sandra,Gibson,sgibsonev@mit.edu,68,19291.64,76.198.48.151,816 Lakeland Court
537,Jerry,Perkins,jperkinsew@hubpages.com,60,117048.05,74.227.132.11,39498 Pine View Park
538,Julia,Simpson,jsimpsonex@liveinternet.ru,67,25878.12,180.164.70.65,63860 Meadow Vale Center
539,Keith,Gonzales,kgonzalesey@bizjournals.com,76,44194,119.8.221.75,1 Florence Point
540,Kimberly,Harrison,kharrisonez@fema.gov,69,65004.23,4.215.184.118,9 Sundown Point
541,Nancy,Hill,nhillf0@1688.com,56,39949.75,46.55.67.80,52 Dakota Street
542,Fred,Hicks,fhicksf1@epa.gov,72,25754.65,48.197.233.81,20 Holmberg Pass
543,Marie,Ryan,mryanf2@tinypic.com,84,80158.96,134.91.74.205,427 Texas Point
544,Fred,Bishop,fbishopf3@geocities.com,24,65001.91,34.208.91.250,231 Jenifer Center
545,Elizabeth,Hamilton,ehamiltonf4@europa.eu,25,56617.01,170.8.119.66,94 Northport Lane
546,Phillip,Dunn,pdunnf5@mozilla.org,24,102221.3,238.96.45.186,5 Everett Road
547,Christine,Jenkins,cjenkinsf6@examiner.com,45,63328.03,85.203.192.127,1 Upham Junction
548,Earl,Phillips,ephillipsf7@unesco.org,66,54282.69,36.220.197.175,179 Arrowood Terrace
549,Bonnie,Ryan,bryanf8@google.com,67,108991.61,251.117.1.233,622 7th Avenue
550,Dennis,Jones,djonesf9@imgur.com,76,25829.02,172.215.228.59,0317 Crescent Oaks Way
551,Lawrence,Tucker,ltuckerfa@toplist.cz,87,18430.11,97.3.64.84,2183 Vera Crossing
552,Phillip,Lawson,plawsonfb@dmoz.org,100,115076.89,33.45.69.119,9506 Gina Way
553,Joseph,Cole,jcolefc@hexun.com,84,50576.35,144.204.3.89,2 Moulton Parkway
554,Amanda,Romero,aromerofd@thetimes.co.uk,87,115499.59,207.134.164.58,43 Loeprich Lane
555,Paula,Dunn,pdunnfe@comsenz.com,1,100216.28,176.35.63.139,75 Village Green Plaza
556,Irene,Crawford,icrawfordff@examiner.com,70,54356.87,71.79.130.170,3 Bluestem Junction
557,Benjamin,Knight,bknightfg@gnu.org,3,30856.58,197.116.127.0,6 Montana Junction
558,Ronald,Clark,rclarkfh@arstechnica.com,49,106804.87,120.171.113.5,9 Southridge Way
559,Adam,Elliott,aelliottfi@stumbleupon.com,38,90133.38,235.170.128.233,6520 Merrick Center
560,Thomas,Gardner,tgardnerfj@boston.com,60,33802.2,165.131.57.148,416 School Place
561,Jean,Hunter,jhunterfk@cocolog-nifty.com,1,117459.04,233.73.24.226,58463 Mayer Court
562,Albert,Palmer,apalmerfl@netscape.com,88,69860.32,178.56.184.233,3 Hoffman Alley
563,Adam,Walker,awalkerfm@example.com,40,111730.47,74.153.11.247,3514 Schlimgen Trail
564,Ralph,Lopez,rlopezfn@discuz.net,8,83134,65.163.2.40,63 American Ash Alley
565,Anthony,Fields,afieldsfo@who.int,98,52428.16,53.57.237.40,77 Marquette Crossing
566,Ryan,Diaz,rdiazfp@geocities.jp,69,106531.8,63.232.174.24,19 Darwin Point
567,Diane,Stone,dstonefq@loc.gov,98,103943.05,221.254.103.142,792 Anthes Pass
568,Betty,Moreno,bmorenofr@jalbum.net,12,70426.09,86.226.117.2,3023 Marcy Circle
569,Dorothy,Payne,dpaynefs@cnbc.com,39,94754.76,242.56.127.33,364 Old Gate Center
570,David,Morris,dmorrisft@examiner.com,64,41903.19,139.87.24.175,2 Monica Alley
571,George,Edwards,gedwardsfu@upenn.edu,78,48473.89,199.171.252.198,476 Lighthouse Bay Way
572,Phillip,Morris,pmorrisfv@free.fr,18,67099.33,179.129.159.50,1715 Pennsylvania Alley
573,Randy,Lewis,rlewisfw@google.es,22,74766.01,7.140.216.138,06489 Leroy Circle
574,Tina,Armstrong,tarmstrongfx@gizmodo.com,38,35181.38,70.85.165.183,891 Packers Point
575,Susan,Morales,smoralesfy@theguardian.com,15,81834.82,190.166.199.93,27 Stuart Pass
576,Anna,Morris,amorrisfz@opera.com,79,75538.06,52.4.95.149,734 Carpenter Hill
577,Rachel,Fowler,rfowlerg0@bbc.co.uk,68,117687.69,244.234.17.37,36081 Hauk Park
578,Rachel,Powell,rpowellg1@homestead.com,51,100292.17,133.164.150.100,7531 Rutledge Avenue
579,Karen,Garcia,kgarciag2@auda.org.au,30,74919.88,100.180.102.158,83 Grim Drive
580,Alice,Perez,aperezg3@wisc.edu,49,25048.41,58.177.195.215,7451 Monument Drive
581,Kenneth,Franklin,kfrankling4@jigsy.com,49,67396.89,234.136.189.234,2 Ryan Crossing
582,Robin,Clark,rclarkg5@nature.com,84,76108.09,251.3.119.33,510 Erie Alley
583,Christina,Dunn,cdunng6@abc.net.au,25,98101.9,67.85.37.114,6 Commercial Center
584,Janet,Mendoza,jmendozag7@paypal.com,36,35029.91,43.141.89.106,18 Florence Court
585,Emily,Franklin,efrankling8@hubpages.com,26,37885.6,126.15.89.79,573 Tony Pass
586,Joan,Cooper,jcooperg9@free.fr,26,24258.84,196.172.76.119,85300 Rutledge Lane
587,Carlos,Perry,cperryga@forbes.com,44,61339.81,125.199.14.159,6653 Nelson Court
588,Carl,Martinez,cmartinezgb@constantcontact.com,42,23849.8,174.149.1.155,86815 Sugar Park
589,Matthew,Cooper,mcoopergc@creativecommons.org,88,93276.64,116.24.98.158,46 Bartelt Drive
590,Marie,White,mwhitegd@europa.eu,78,109412.01,16.157.150.169,1402 Vera Alley
591,Martha,Willis,mwillisge@ifeng.com,31,48037.69,44.214.193.8,0 Waywood Drive
592,Ruth,Jones,rjonesgf@omniture.com,86,73668.57,241.181.132.130,9 Kedzie Pass
593,Lois,Morales,lmoralesgg@unesco.org,64,35091.16,113.3.166.132,566 Loeprich Place
594,Sharon,Gray,sgraygh@yellowbook.com,62,67319.89,230.33.236.139,2 Larry Alley
595,Juan,Watkins,jwatkinsgi@reference.com,75,59231.16,144.74.121.157,63 Ramsey Park
596,Debra,Spencer,dspencergj@epa.gov,64,81787.9,1.227.29.117,843 Pond Circle
597,Gerald,Burke,gburkegk@webeden.co.uk,55,25358.63,247.108.190.126,87 Sutteridge Plaza
598,Rebecca,Coleman,rcolemangl@nih.gov,99,116187.29,195.13.179.109,33 Toban Place
599,Brenda,Watson,bwatsongm@mac.com,43,48010.53,255.25.236.32,6 Holy Cross Plaza
600,Laura,Montgomery,lmontgomerygn@rambler.ru,54,78917.69,126.48.230.68,4 Oak Valley Park
601,Margaret,Schmidt,mschmidtgo@ox.ac.uk,79,62361.81,238.79.96.240,6 Hanover Plaza
602,Evelyn,Gutierrez,egutierrezgp@arstechnica.com,80,49375.82,111.92.169.185,34 Moland Drive
603,Karen,Wallace,kwallacegq@narod.ru,19,73309.09,155.169.171.242,63424 Rigney Street
604,Louis,Jones,ljonesgr@jalbum.net,33,56714.58,51.11.68.200,95861 Sunfield Avenue
605,John,Bishop,jbishopgs@eventbrite.com,57,67481,189.159.4.164,06383 Scott Terrace
606,David,Bishop,dbishopgt@indiatimes.com,18,44696.88,186.117.199.166,11 Canary Alley
607,Cheryl,Lopez,clopezgu@apple.com,73,70577.71,167.173.5.49,893 Hallows Lane
608,Albert,Morgan,amorgangv@cam.ac.uk,79,16586.43,177.20.47.136,6 Gulseth Street
609,Karen,Garza,kgarzagw@macromedia.com,86,47565.13,37.216.27.95,73 Sachtjen Hill
610,Doris,Rogers,drogersgx@wordpress.com,85,78710.45,91.74.34.188,94736 Londonderry Point
611,Kathy,Banks,kbanksgy@a8.net,74,105141.65,176.45.49.198,5063 Crownhardt Hill
612,Patricia,Reed,preedgz@bloglovin.com,5,27448.15,221.20.9.12,784 Rowland Crossing
613,Jimmy,Castillo,jcastilloh0@live.com,64,51036.05,149.236.200.47,9 Calypso Crossing
614,Sean,Austin,saustinh1@forbes.com,38,119869.1,163.127.91.214,6 Rieder Trail
615,Cynthia,Hayes,chayesh2@noaa.gov,55,42119.67,117.234.201.69,6552 David Junction
616,Kathryn,Shaw,kshawh3@umich.edu,80,86154.46,43.75.231.166,57680 Veith Way
617,Arthur,Fuller,afullerh4@goo.gl,98,38977.46,29.216.132.99,64 Fuller Hill
618,Gary,Moreno,gmorenoh5@tinypic.com,4,102736.58,161.27.202.229,21320 Cherokee Avenue
619,Anne,Rodriguez,arodriguezh6@over-blog.com,57,41594.82,234.78.6.233,475 Rowland Alley
620,Joe,Gutierrez,jgutierrezh7@php.net,52,64082.15,18.102.25.14,22240 Nelson Hill
621,Linda,Young,lyoungh8@slashdot.org,94,30761.71,79.220.191.184,4 Logan Drive
622,Fred,Castillo,fcastilloh9@earthlink.net,2,80502.28,193.94.21.99,799 Melvin Point
623,Christine,Hicks,chicksha@ezinearticles.com,92,15300.61,100.229.94.138,2391 Arapahoe Place
624,Anthony,Long,alonghb@bbb.org,6,26540.06,183.127.98.191,4608 Susan Hill
625,Judith,Roberts,jrobertshc@qq.com,40,79551.25,71.27.186.215,813 Westerfield Court
626,Doris,White,dwhitehd@unblog.fr,13,22098.99,32.247.68.100,83 Rockefeller Lane
627,Kathleen,Marshall,kmarshallhe@ibm.com,44,90226.58,83.14.80.187,7062 Mcguire Junction
628,Denise,Olson,dolsonhf@washington.edu,8,46212.67,34.206.64.227,172 Corry Court
629,Anne,Henry,ahenryhg@weibo.com,78,112697.29,47.240.113.226,65613 Raven Pass
630,Ruth,Stone,rstonehh@furl.net,94,83588.88,137.46.225.65,84040 Barnett Lane
631,Randy,Arnold,rarnoldhi@scribd.com,55,109109.08,186.204.46.7,80545 Portage Circle
632,Aaron,Montgomery,amontgomeryhj@1688.com,53,79459.98,35.193.159.182,1622 Dottie Drive
633,Judith,Morgan,jmorganhk@fema.gov,74,101742.17,114.173.24.128,8 Algoma Pass
634,Sarah,Jenkins,sjenkinshl@mapy.cz,76,43814.35,168.7.244.42,4 Mallard Point
635,Ruby,Thompson,rthompsonhm@latimes.com,56,15295.06,54.143.2.207,3029 Blaine Point
636,Bobby,Morris,bmorrishn@cargocollective.com,67,62902.13,3.84.236.140,64 Northview Center
637,Rose,Peterson,rpetersonho@theatlantic.com,100,33270.06,90.233.57.64,54 Scofield Parkway
638,Larry,Austin,laustinhp@slideshare.net,63,21306.34,209.137.131.191,6619 Melby Plaza
639,Larry,Mills,lmillshq@theguardian.com,21,25499.38,252.131.254.225,3489 Laurel Crossing
640,Kevin,Harrison,kharrisonhr@cyberchimps.com,11,28179.41,67.174.50.69,4307 Carberry Terrace
641,Patrick,Rogers,progershs@mit.edu,53,13235.6,225.111.162.171,0847 Rusk Street
642,Juan,Webb,jwebbht@behance.net,11,103861.22,65.44.32.188,5851 Warbler Center
643,Margaret,Greene,mgreenehu@prlog.org,51,97015.37,144.151.38.193,64 Twin Pines Plaza
644,Kevin,Hart,kharthv@ifeng.com,20,33400.62,253.168.1.74,4668 Oriole Terrace
645,Jack,Scott,jscotthw@aboutads.info,19,55776.65,200.66.231.49,0160 Sullivan Road
646,Kathryn,Ellis,kellishx@nationalgeographic.com,27,38826.28,250.53.56.61,5 Union Center
647,Howard,Kelley,hkelleyhy@domainmarket.com,87,108637.22,134.120.54.166,8830 Summit Alley
648,Phillip,Diaz,pdiazhz@live.com,78,42023.64,207.158.28.227,148 Annamark Drive
649,Melissa,Burke,mburkei0@sciencedirect.com,23,22441.24,236.23.221.34,005 Anniversary Circle
650,Jane,Daniels,jdanielsi1@umich.edu,92,30343.6,227.17.251.223,61 Independence Circle
651,Alan,Dixon,adixoni2@prnewswire.com,18,51016.14,63.33.185.250,0822 Sundown Terrace
652,Kenneth,Lawrence,klawrencei3@tiny.cc,83,114451.4,101.70.98.188,14617 Gina Pass
653,Robert,Ortiz,rortizi4@opera.com,29,76685.21,226.202.36.70,67 Valley Edge Crossing
654,Juan,Cook,jcooki5@studiopress.com,94,64731.22,159.244.48.201,30089 4th Drive
655,Joseph,Scott,jscotti6@auda.org.au,10,91355.09,75.70.223.209,122 Prentice Avenue
656,Chris,Gutierrez,cgutierrezi7@cargocollective.com,22,83966.08,125.159.126.160,9 Clove Pass
657,Edward,Fields,efieldsi8@ted.com,37,110875.85,126.12.239.143,44 Armistice Way
658,Gregory,Phillips,gphillipsi9@networksolutions.com,9,56237.12,114.216.183.13,7 Basil Hill
659,Carl,Howell,chowellia@typepad.com,77,49126.14,29.53.90.132,9815 Porter Plaza
660,Joyce,Allen,jallenib@cargocollective.com,34,13210.57,71.170.173.38,852 Thompson Place
661,Roger,Hunt,rhuntic@goodreads.com,2,84885.78,47.111.120.162,3773 Prentice Lane
662,Robert,Gutierrez,rgutierrezid@boston.com,37,97136.56,147.90.212.226,624 Boyd Pass
663,Gregory,Elliott,gelliottie@npr.org,63,88700.03,144.111.227.107,17094 Erie Pass
664,Bruce,Fowler,bfowlerif@aboutads.info,48,65464.15,251.211.254.235,82 Bluestem Road
665,Kevin,Ortiz,kortizig@zdnet.com,52,12719.41,93.85.252.210,39227 Arapahoe Place
666,Brian,Rodriguez,brodriguezih@cnet.com,23,53258.34,1.57.67.32,65 Crowley Point
667,James,Burns,jburnsii@ebay.com,71,61504.83,242.173.249.178,85 Almo Place
668,George,Turner,gturnerij@themeforest.net,78,33732.61,143.42.151.43,973 Morrow Alley
669,Arthur,Williams,awilliamsik@sfgate.com,93,43126.08,170.20.2.64,53 Thompson Junction
670,Earl,Mitchell,emitchellil@eepurl.com,43,101478.77,172.225.95.140,56 Eagan Trail
671,Melissa,Bradley,mbradleyim@ibm.com,70,68478.95,158.119.50.130,415 Holy Cross Pass
672,Albert,Perkins,aperkinsin@examiner.com,98,29209.86,39.59.119.201,02773 Talmadge Point
673,Alan,Wright,awrightio@illinois.edu,22,116555.15,194.2.217.108,7 Towne Lane
674,Rachel,Payne,rpayneip@goo.gl,13,25788.67,101.241.250.127,24882 Garrison Alley
675,Diane,Wright,dwrightiq@edublogs.org,14,74496.84,32.28.144.53,73393 Rigney Center
676,Jose,Carroll,jcarrollir@stanford.edu,52,63209.62,180.38.252.79,43796 Warrior Drive
677,Russell,Graham,rgrahamis@huffingtonpost.com,64,51676.88,122.110.33.136,16 Pearson Alley
678,Bonnie,Hill,bhillit@businessinsider.com,42,99083.98,159.21.162.147,68046 Moulton Court
679,Lisa,King,lkingiu@macromedia.com,56,28495.61,194.192.103.115,4650 Holmberg Place
680,Dennis,Thompson,dthompsoniv@ed.gov,14,106508.3,109.57.78.210,812 Ryan Hill
681,Martin,Alexander,malexanderiw@phpbb.com,1,75761.66,118.43.30.28,6088 Bellgrove Terrace
682,Brenda,Harrison,bharrisonix@example.com,24,81665.19,248.61.210.8,07 Mcguire Crossing
683,Jeremy,Bailey,jbaileyiy@edublogs.org,91,58791.41,104.199.147.210,7 Morningstar Lane
684,Jesse,Powell,jpowelliz@desdev.cn,89,108359.41,105.218.167.97,9 Huxley Road
685,Alice,Morgan,amorganj0@tmall.com,62,28615.09,78.116.27.15,788 Union Parkway
686,Clarence,Garza,cgarzaj1@jalbum.net,32,37260.56,49.153.121.90,4 Lyons Lane
687,Joseph,Gilbert,jgilbertj2@dropbox.com,51,112456.6,37.156.142.158,6 Springview Terrace
688,Alan,Hunt,ahuntj3@shutterfly.com,67,44041.29,48.44.216.224,5157 Manufacturers Junction
689,Arthur,Coleman,acolemanj4@networksolutions.com,85,23934.3,236.84.177.57,703 Knutson Park
690,Brandon,Weaver,bweaverj5@youtube.com,81,94778,45.215.153.253,42974 Thierer Drive
691,Cheryl,Evans,cevansj6@cdc.gov,35,57445.87,95.243.93.123,08387 High Crossing Circle
692,Janice,Simmons,jsimmonsj7@indiegogo.com,95,45779.4,61.253.111.167,214 Corben Crossing
693,Matthew,Burke,mburkej8@google.com.br,9,76162.24,145.180.255.33,81 Lakewood Court
694,Jose,Thomas,jthomasj9@hatena.ne.jp,50,79801.95,111.126.62.133,73 Hanson Terrace
695,Michael,Thompson,mthompsonja@narod.ru,34,29156.89,41.108.199.102,2275 Spenser Drive
696,Teresa,Thompson,tthompsonjb@prlog.org,54,49428.46,224.116.133.245,61 Nevada Alley
697,Albert,Bradley,abradleyjc@vinaora.com,70,86376.25,217.26.93.176,8398 Dakota Lane
698,Brenda,Jacobs,bjacobsjd@icq.com,32,84545.52,229.109.23.254,72 Jenifer Way
699,George,Clark,gclarkje@dell.com,79,40178.51,153.95.229.46,02076 Logan Park
700,Jesse,Hudson,jhudsonjf@abc.net.au,78,106072.89,0.119.224.175,6532 American Drive
701,Earl,Larson,elarsonjg@ebay.com,78,46576.33,211.52.87.116,74518 Warrior Avenue
702,Jack,Collins,jcollinsjh@zdnet.com,28,68166.32,13.97.31.226,84285 Birchwood Avenue
703,Fred,Rogers,frogersji@vk.com,53,107118.62,226.231.100.99,03 Homewood Center
704,Marilyn,Mcdonald,mmcdonaldjj@latimes.com,74,90298.14,19.246.218.230,20901 Buell Center
705,Heather,Fields,hfieldsjk@cyberchimps.com,91,18200.56,160.87.47.81,6887 Mockingbird Lane
706,Linda,Rivera,lriverajl@opera.com,58,90316.7,61.82.224.192,025 La Follette Junction
707,Teresa,Riley,trileyjm@ibm.com,25,24317.82,32.214.67.146,3 Buell Crossing
708,Adam,Greene,agreenejn@shareasale.com,12,61371.74,233.244.180.14,8451 Summit Circle
709,Deborah,Burton,dburtonjo@eepurl.com,64,65385.22,207.65.178.64,2 Burning Wood Plaza
710,Amy,Butler,abutlerjp@ebay.co.uk,12,76396.28,32.183.149.89,2054 Mccormick Street
711,Laura,Watson,lwatsonjq@oakley.com,99,80633.79,248.236.123.132,3 Judy Circle
712,Heather,Reyes,hreyesjr@moonfruit.com,99,115566.44,32.70.15.190,7492 Fieldstone Road
713,Julia,Smith,jsmithjs@infoseek.co.jp,91,101730.68,33.94.164.62,30 Waubesa Point
714,Anne,Wheeler,awheelerjt@mashable.com,13,64566.45,162.88.69.54,7135 Manley Road
715,Phillip,Stephens,pstephensju@nhs.uk,20,98503.8,113.19.19.216,97 Service Hill
716,Rebecca,Bailey,rbaileyjv@skype.com,62,47368.24,159.90.52.130,400 Moulton Drive
717,Marie,Harvey,mharveyjw@yolasite.com,40,28245.32,116.240.121.36,43 1st Trail
718,Sean,George,sgeorgejx@amazon.co.uk,53,49662.89,36.44.16.181,83 Ohio Hill
719,Louise,Harper,lharperjy@gov.uk,77,18763.42,160.90.71.254,7962 Blue Bill Park Terrace
720,Marilyn,Oliver,moliverjz@ibm.com,89,92813.55,130.225.45.169,49 Texas Trail
721,Amy,Larson,alarsonk0@un.org,41,113577.62,188.184.223.86,7 Merry Plaza
722,Sharon,Watson,swatsonk1@php.net,21,68733.79,120.250.227.178,1410 Ridgeway Pass
723,Lois,Hill,lhillk2@usatoday.com,77,23803.58,24.151.147.177,42883 Twin Pines Junction
724,Willie,Collins,wcollinsk3@domainmarket.com,64,70164.93,165.229.139.219,42 Summer Ridge Point
725,George,Kelley,gkelleyk4@domainmarket.com,4,76793.69,17.242.145.129,8969 Goodland Parkway
726,Martha,Little,mlittlek5@t-online.de,86,92963.45,252.142.75.166,33244 Sachtjen Street
727,Katherine,Sullivan,ksullivank6@bing.com,100,82819.2,225.242.150.49,446 Scott Park
728,Laura,Bishop,lbishopk7@usda.gov,72,66687.79,24.67.176.25,78 Toban Plaza
729,Irene,Smith,ismithk8@shop-pro.jp,4,83808.23,81.147.67.214,674 Southridge Parkway
730,Charles,Stewart,cstewartk9@51.la,78,49213.27,88.19.56.200,3296 South Parkway
731,Frank,Berry,fberryka@gmpg.org,77,116414.88,235.226.179.169,01 Walton Circle
732,Doris,Garrett,dgarrettkb@discuz.net,35,106635.28,48.7.3.63,5 Steensland Trail
733,Michael,Lawrence,mlawrencekc@jalbum.net,42,119855.76,59.118.195.13,01677 Heath Parkway
734,Mark,Morgan,mmorgankd@sina.com.cn,11,42284.96,232.24.11.129,3163 Sauthoff Plaza
735,Philip,Armstrong,parmstrongke@constantcontact.com,12,46932.36,162.89.86.52,361 Sycamore Center
736,Rose,Chavez,rchavezkf@youku.com,64,71358,122.65.101.116,0578 Esch Terrace
737,Philip,Edwards,pedwardskg@google.com.br,46,112047.8,30.177.100.104,9300 Shopko Place
738,Harry,Peters,hpeterskh@vistaprint.com,23,104459.2,207.130.22.186,5 Steensland Junction
739,Paul,Hanson,phansonki@blogspot.com,63,91993.71,9.78.196.183,7 Arizona Court
740,Rachel,Gordon,rgordonkj@domainmarket.com,26,107224.24,142.169.134.100,7 Oakridge Pass
741,Theresa,Reynolds,treynoldskk@about.me,96,103832.96,84.112.244.121,97 Talmadge Pass
742,Evelyn,Simmons,esimmonskl@slashdot.org,3,101807.27,21.126.46.242,9188 Bayside Way
743,Douglas,Washington,dwashingtonkm@mapquest.com,7,92987.07,147.162.167.188,2 Doe Crossing Road
744,Phillip,Thompson,pthompsonkn@weather.com,40,87861.21,160.77.96.113,54514 Coleman Alley
745,Maria,Crawford,mcrawfordko@go.com,28,17302.32,248.49.147.231,81 Troy Park
746,Adam,Patterson,apattersonkp@themeforest.net,5,27204.72,194.29.60.134,90 Green Ridge Terrace
747,Daniel,Greene,dgreenekq@vimeo.com,50,67511.17,70.34.96.148,68 Michigan Center
748,Jessica,Green,jgreenkr@archive.org,38,116739.23,116.182.137.185,384 Muir Parkway
749,George,Sullivan,gsullivanks@dailymail.co.uk,90,111951.88,204.61.186.81,778 Michigan Place
750,Eugene,Bryant,ebryantkt@bbb.org,92,116731.36,85.23.30.90,8034 Atwood Park
751,Lois,Nichols,lnicholsku@usgs.gov,71,92567.62,116.97.129.14,14445 Pearson Court
752,Jennifer,Anderson,jandersonkv@parallels.com,16,105840.2,165.254.200.64,64054 Morning Junction
753,Nicole,Graham,ngrahamkw@cbsnews.com,55,60579.5,34.153.118.133,91707 Lindbergh Junction
754,Clarence,Butler,cbutlerkx@wunderground.com,17,103976.09,102.140.14.82,17 Loomis Point
755,Roy,Elliott,relliottky@harvard.edu,26,46698.49,11.205.19.105,40 Oak Valley Hill
756,Richard,Carpenter,rcarpenterkz@infoseek.co.jp,84,74668.15,0.114.18.136,68473 Starling Center
757,Donald,Ramirez,dramirezl0@yandex.ru,26,112287.67,104.1.107.33,5 Melody Lane
758,Alan,Hughes,ahughesl1@telegraph.co.uk,27,86171.96,98.148.219.183,22518 La Follette Alley
759,Gerald,Rice,gricel2@51.la,67,31393.55,30.195.157.99,9686 Warner Road
760,Ann,Hill,ahilll3@fastcompany.com,82,56369.95,69.229.196.227,76 Blackbird Circle
761,Bruce,Wagner,bwagnerl4@behance.net,60,106624.95,196.231.46.8,7 Dunning Alley
762,Justin,Lynch,jlynchl5@geocities.com,15,55551.6,162.248.171.116,26951 Northland Center
763,Martin,Montgomery,mmontgomeryl6@amazon.co.uk,89,98488.07,149.206.74.76,1 Talisman Crossing
764,Ernest,Wallace,ewallacel7@marriott.com,10,112775.92,124.235.34.173,11 Ruskin Junction
765,Rebecca,Carter,rcarterl8@webnode.com,30,101403.52,165.15.40.243,361 Surrey Way
766,Patricia,Perry,pperryl9@economist.com,48,60060,154.246.248.32,4 New Castle Trail
767,Sean,Franklin,sfranklinla@bloglovin.com,86,40308.04,60.98.94.144,3941 Milwaukee Lane
768,Carol,Cunningham,ccunninghamlb@disqus.com,54,25665.99,230.233.83.10,5 Annamark Plaza
769,Janice,Hicks,jhickslc@webs.com,6,91483.05,46.140.38.94,2849 Di Loreto Point
770,Mildred,Arnold,marnoldld@ycombinator.com,39,71725.5,66.91.91.129,6 Blaine Hill
771,Ronald,Stephens,rstephensle@wordpress.org,11,101046.12,187.225.102.170,5679 Kennedy Lane
772,Kelly,Woods,kwoodslf@jalbum.net,26,113156.7,209.240.214.169,1 Beilfuss Center
773,Roy,Scott,rscottlg@ezinearticles.com,52,105290.35,10.30.115.131,183 Lakeland Junction
774,Ashley,Banks,abankslh@pen.io,31,87959.22,40.67.39.6,755 Summerview Center
775,Ashley,Hudson,ahudsonli@mysql.com,54,62771.28,169.180.252.26,5125 Sachtjen Center
776,Walter,Thomas,wthomaslj@dell.com,54,110445.48,125.195.204.73,197 Sachs Crossing
777,Howard,Harrison,hharrisonlk@army.mil,100,61312.27,132.71.150.210,227 Ruskin Circle
778,Christine,Kennedy,ckennedyll@gov.uk,25,21488.01,98.200.54.13,23323 Jana Park
779,Carol,Cunningham,ccunninghamlm@example.com,49,101208.11,42.194.255.31,55 Dexter Way
780,Albert,Gutierrez,agutierrezln@free.fr,16,108567.05,167.166.204.154,76363 Amoth Trail
781,Anne,Duncan,aduncanlo@google.fr,12,92468.57,59.202.187.174,3073 Dwight Way
782,Terry,Moreno,tmorenolp@princeton.edu,64,76378.86,244.27.153.212,36 Golden Leaf Park
783,Phillip,Watkins,pwatkinslq@google.ca,94,70081.58,106.10.233.199,475 Dottie Way
784,Jimmy,Anderson,jandersonlr@usnews.com,39,27931.94,169.217.68.98,3 Dorton Parkway
785,Janice,Alvarez,jalvarezls@dell.com,67,73926.38,237.244.74.64,7070 Red Cloud Road
786,Douglas,Hamilton,dhamiltonlt@ovh.net,79,104512.05,77.43.40.48,42189 Scofield Park
787,Shawn,Mitchell,smitchelllu@yellowbook.com,55,34705.38,113.182.37.99,9 Marquette Junction
788,Kathy,Medina,kmedinalv@netlog.com,11,114225.03,249.89.222.164,88 Burrows Pass
789,Teresa,Hamilton,thamiltonlw@samsung.com,23,82798.24,127.73.48.230,4499 Tennessee Street
790,Gloria,Taylor,gtaylorlx@wikispaces.com,37,52164.71,99.169.101.158,3205 Basil Hill
791,William,George,wgeorgely@delicious.com,95,23185.69,133.26.95.254,3693 Thackeray Park
792,Daniel,Holmes,dholmeslz@cbc.ca,93,61213.65,55.168.123.58,1179 Rieder Avenue
793,Christopher,Adams,cadamsm0@thetimes.co.uk,84,68726.01,133.141.84.96,77888 Rutledge Parkway
794,Todd,Torres,ttorresm1@ebay.co.uk,1,66923.09,102.93.147.72,57 Hermina Crossing
795,Nicole,Lawson,nlawsonm2@telegraph.co.uk,27,83051.24,25.246.47.132,94 Messerschmidt Point
796,Joseph,Washington,jwashingtonm3@aol.com,79,13062.32,229.151.20.6,6 Russell Trail
797,Douglas,Meyer,dmeyerm4@msu.edu,8,21588.93,254.99.85.63,7749 Green Circle
798,Denise,Gray,dgraym5@cocolog-nifty.com,48,48496.33,133.144.67.159,6 Gale Road
799,Chris,Edwards,cedwardsm6@yolasite.com,16,37441.24,132.33.199.131,2 Starling Place
800,Terry,Gardner,tgardnerm7@gmpg.org,83,32888.14,59.237.125.125,70 Melby Terrace
801,Jeffrey,Taylor,jtaylorm8@flickr.com,17,27012.1,111.36.220.90,88 Leroy Way
802,Margaret,Price,mpricem9@hp.com,10,105133.53,55.70.145.191,93 Prairie Rose Hill
803,Stephen,Price,spricema@ibm.com,16,23012.28,171.93.209.77,0599 Golf Parkway
804,Carlos,Carpenter,ccarpentermb@php.net,79,56037.49,61.120.35.231,44386 Forster Circle
805,Emily,Kim,ekimmc@miibeian.gov.cn,43,92071.32,76.19.206.225,514 High Crossing Trail
806,Jessica,Wheeler,jwheelermd@cpanel.net,86,77499.86,215.180.47.231,771 Farwell Hill
807,Craig,Wagner,cwagnerme@answers.com,56,55626.33,197.198.85.103,59 Kim Alley
808,Sarah,Young,syoungmf@stumbleupon.com,5,22835.86,178.61.6.152,4802 Washington Parkway
809,Debra,Morrison,dmorrisonmg@histats.com,76,86470.84,62.45.78.26,2 Pawling Street
810,Arthur,Patterson,apattersonmh@berkeley.edu,88,42959.56,7.89.39.42,070 Lakewood Gardens Terrace
811,Jeffrey,Burton,jburtonmi@mashable.com,91,91781.69,204.198.155.46,32 Roth Plaza
812,Helen,Spencer,hspencermj@desdev.cn,99,69139.95,49.65.2.195,4 2nd Hill
813,Rose,Mcdonald,rmcdonaldmk@ucoz.com,86,113977.72,77.189.63.140,7 Northview Lane
814,Pamela,Hamilton,phamiltonml@imdb.com,66,36853.49,222.223.168.128,249 High Crossing Alley
815,Ryan,Moreno,rmorenomm@state.tx.us,65,91943.58,112.109.106.236,71018 Schlimgen Junction
816,Jonathan,Woods,jwoodsmn@google.pl,43,115344.73,229.63.2.159,4 Hoffman Parkway
817,Christina,Lewis,clewismo@last.fm,21,111063.94,104.170.210.12,47029 Jana Court
818,Dorothy,Perkins,dperkinsmp@amazon.com,54,88246.8,222.245.158.175,120 Northfield Terrace
819,Andrew,Porter,aportermq@yahoo.com,93,89794.14,104.139.218.52,63480 Troy Drive
820,Howard,Dean,hdeanmr@sitemeter.com,71,116115.96,157.19.180.193,29217 Havey Road
821,Peter,Sims,psimsms@behance.net,31,65631.01,4.204.100.13,6 Hayes Hill
822,Carl,Hart,chartmt@businesswire.com,48,91073.32,201.231.229.240,8932 East Hill
823,Steven,Davis,sdavismu@sitemeter.com,62,36895.9,155.113.33.71,237 Jenifer Lane
824,Kathryn,Romero,kromeromv@netlog.com,63,112688.46,19.86.34.40,4 Scott Alley
825,Elizabeth,George,egeorgemw@techcrunch.com,82,83356.27,158.155.192.113,293 Sage Plaza
826,Phillip,Ellis,pellismx@wikia.com,67,69756.63,116.109.84.7,6 Ruskin Plaza
827,Jane,Mccoy,jmccoymy@ed.gov,74,80475.51,98.98.228.184,752 Kenwood Place
828,Ernest,Alvarez,ealvarezmz@unesco.org,57,45049.68,125.134.119.122,6544 Magdeline Alley
829,Betty,Boyd,bboydn0@imdb.com,69,40938.84,58.252.96.196,2452 Sundown Pass
830,Martin,Sullivan,msullivann1@phpbb.com,48,28656.81,72.196.165.151,67148 Meadow Ridge Park
831,Anne,Williams,awilliamsn2@123-reg.co.uk,11,46415.61,33.165.225.160,4 Butterfield Lane
832,Raymond,Carter,rcartern3@hud.gov,62,94210.8,51.248.141.245,08916 Westerfield Place
833,Evelyn,Green,egreenn4@foxnews.com,1,106372.56,24.237.217.252,841 Saint Paul Plaza
834,Paula,Kennedy,pkennedyn5@hhs.gov,3,69824.75,210.141.194.93,01 Randy Trail
835,Ruth,Meyer,rmeyern6@goo.ne.jp,60,51300.51,125.75.18.170,4301 Kedzie Way
836,Steve,Ramirez,sramirezn7@rediff.com,68,96862.58,200.59.166.247,890 Waxwing Crossing
837,Laura,Shaw,lshawn8@unblog.fr,22,36547.66,64.196.156.166,05890 Graceland Circle
838,Daniel,Rivera,driveran9@tumblr.com,24,71030.48,94.193.44.99,9847 Summerview Hill
839,Norma,Bennett,nbennettna@shareasale.com,43,63551.1,162.190.59.77,8 Drewry Center
840,Edward,Pierce,epiercenb@un.org,67,79982.71,245.71.206.15,45 Kings Park
841,Evelyn,Robertson,erobertsonnc@dion.ne.jp,74,104317.03,237.74.158.59,40 Scofield Alley
842,Ryan,Howell,rhowellnd@t.co,46,62832.43,224.143.86.123,891 Haas Crossing
843,Kathleen,Torres,ktorresne@tuttocitta.it,88,16457.73,168.223.234.240,601 Cordelia Trail
844,Albert,Bradley,abradleynf@ow.ly,11,97294.72,217.206.213.134,9219 Oriole Circle
845,Jeremy,Boyd,jboydng@unblog.fr,17,61129.11,72.184.225.50,425 Rigney Avenue
846,Emily,Bell,ebellnh@geocities.com,100,41483.56,98.185.41.110,2811 Moulton Plaza
847,Amanda,Day,adayni@usda.gov,55,112478.45,42.43.28.86,29687 Esker Terrace
848,Nancy,Owens,nowensnj@time.com,17,12051.84,57.154.122.255,44 Grayhawk Junction
849,Bonnie,Simmons,bsimmonsnk@samsung.com,17,97748.72,168.2.221.19,4328 Ludington Parkway
850,Janet,Moreno,jmorenonl@taobao.com,70,12503.45,228.122.61.135,6431 Troy Circle
851,Philip,Hamilton,phamiltonnm@about.me,54,97377.2,199.174.234.137,538 Oak Valley Lane
852,Jane,Jacobs,jjacobsnn@google.es,96,42626.99,242.122.129.43,7 Anhalt Hill
853,James,Grant,jgrantno@istockphoto.com,72,97578.89,245.80.150.191,62105 Waxwing Terrace
854,Billy,George,bgeorgenp@washington.edu,26,83715.83,132.236.78.238,3 Rutledge Point
855,Billy,Matthews,bmatthewsnq@netlog.com,41,52977.31,36.127.245.132,80703 Little Fleur Trail
856,Debra,Ramos,dramosnr@a8.net,26,69695,215.184.146.73,80578 Bartelt Way
857,Catherine,Chapman,cchapmanns@flickr.com,52,22449.4,53.32.185.101,70566 Melvin Hill
858,Nancy,Lopez,nlopeznt@bbc.co.uk,89,86375.82,208.10.75.54,54 Hudson Crossing
859,Gloria,Grant,ggrantnu@php.net,79,59623.05,215.223.97.74,035 Lillian Parkway
860,Joe,Clark,jclarknv@so-net.ne.jp,40,95503.6,171.249.31.14,44015 Summer Ridge Place
861,Ryan,Bailey,rbaileynw@tumblr.com,77,96514.9,27.217.2.78,20 Luster Park
862,Karen,Moreno,kmorenonx@smugmug.com,18,45284.16,111.232.132.21,9 Summit Court
863,Nicole,Sullivan,nsullivanny@yellowpages.com,92,94907.55,197.183.184.177,38400 Little Fleur Court
864,Michelle,Howell,mhowellnz@cam.ac.uk,20,105876.02,137.224.147.180,725 Farragut Alley
865,Philip,Dixon,pdixono0@trellian.com,78,19329.86,167.25.242.109,95 Forster Point
866,Joan,Knight,jknighto1@wisc.edu,21,72180.54,151.75.120.73,2 Loomis Circle
867,Jennifer,Fernandez,jfernandezo2@wikipedia.org,2,27317.57,81.160.108.112,11803 Declaration Terrace
868,Sara,Jenkins,sjenkinso3@google.com.hk,97,47588.8,169.160.106.212,09580 Oakridge Street
869,Jean,Hart,jharto4@nydailynews.com,36,37168.21,35.58.253.248,976 Dovetail Crossing
870,Jeremy,Kelly,jkellyo5@engadget.com,83,38974.85,13.32.228.133,17 Manufacturers Place
871,Charles,Wells,cwellso6@salon.com,36,22375.32,149.60.37.22,6 Mesta Junction
872,Joan,Robinson,jrobinsono7@amazon.co.jp,25,110567.19,3.221.147.230,5392 Schlimgen Alley
873,Clarence,Owens,cowenso8@networkadvertising.org,90,42273.17,212.131.70.180,0231 Thackeray Alley
874,Sara,Kim,skimo9@businessweek.com,83,80699.56,134.211.166.182,629 Hintze Alley
875,Christopher,Fowler,cfowleroa@noaa.gov,55,23442.33,88.104.235.39,285 Oak Valley Point
876,Craig,Griffin,cgriffinob@alibaba.com,24,12488.86,173.162.228.154,270 Talmadge Junction
877,Arthur,Porter,aporteroc@tinyurl.com,54,74931.05,150.6.255.214,6674 Everett Point
878,Ernest,Hall,ehallod@dmoz.org,66,17659.79,160.129.1.159,0578 Arapahoe Center
879,Brian,Stevens,bstevensoe@newyorker.com,40,26878.3,117.220.196.175,4 Hollow Ridge Park
880,Christine,Peters,cpetersof@hibu.com,20,27817.19,213.55.220.132,7 Lakeland Drive
881,Kathryn,Carroll,kcarrollog@barnesandnoble.com,26,95223.55,149.103.229.164,2890 Sherman Avenue
882,William,Alexander,walexanderoh@cafepress.com,78,116785.44,235.171.31.121,381 School Terrace
883,Carolyn,Chapman,cchapmanoi@theatlantic.com,76,38749.4,28.15.118.244,1 Anniversary Drive
884,Patricia,Cox,pcoxoj@360.cn,19,32097.13,54.212.231.196,467 Aberg Plaza
885,Norma,Miller,nmillerok@usda.gov,65,104703.86,96.106.106.83,557 Bartillon Hill
886,Marie,Moore,mmooreol@blogger.com,49,86611.79,214.223.170.139,69353 Springs Terrace
887,Katherine,Reed,kreedom@studiopress.com,88,89779.58,82.38.161.140,0 Bartillon Crossing
888,Mary,Bell,mbellon@un.org,75,64224.58,129.106.13.91,390 Esch Parkway
889,Carlos,Russell,crusselloo@forbes.com,90,107534.7,146.119.23.246,89685 Carpenter Terrace
890,Jason,Freeman,jfreemanop@so-net.ne.jp,67,104352.38,108.228.191.189,16 Eggendart Park
891,Brenda,Frazier,bfrazieroq@usatoday.com,73,117904.87,118.53.236.124,96838 Leroy Place
892,Mark,Hanson,mhansonor@canalblog.com,40,13973.01,120.205.117.31,8768 Schlimgen Point
893,Margaret,Bradley,mbradleyos@creativecommons.org,35,55901.79,178.235.36.212,926 Dexter Alley
894,Gregory,Henderson,ghendersonot@prweb.com,61,53444.31,60.189.86.130,68389 Gulseth Circle
895,Philip,Andrews,pandrewsou@bloglovin.com,41,79489.84,239.70.170.103,9025 Bartillon Parkway
896,Gary,Washington,gwashingtonov@dropbox.com,57,42887.57,229.131.227.9,038 Bluestem Pass
897,Sarah,Rice,sriceow@tinyurl.com,92,96858.11,248.101.186.40,034 Myrtle Crossing
898,Brenda,George,bgeorgeox@example.com,41,21062.06,173.206.168.43,14 Hudson Road
899,Jacqueline,Wagner,jwagneroy@weibo.com,56,17446.5,189.80.14.161,64996 Scoville Place
900,Victor,Griffin,vgriffinoz@bloglovin.com,95,55039,111.20.47.39,65959 Rutledge Street
901,Arthur,Kelley,akelleyp0@admin.ch,34,23852.03,98.104.141.192,74 Sachtjen Drive
902,Wanda,Hayes,whayesp1@businessinsider.com,41,32750.4,55.255.186.5,81 Brentwood Road
903,Samuel,Moore,smoorep2@1688.com,50,36381.74,41.185.85.95,840 Merry Way
904,Shawn,Wells,swellsp3@uol.com.br,8,99199.41,156.203.162.151,0631 Esch Way
905,Henry,Bell,hbellp4@blogspot.com,79,81452.86,24.226.151.176,823 Commercial Parkway
906,Wanda,Jordan,wjordanp5@ebay.com,6,113760.21,60.85.142.250,7 Steensland Lane
907,Antonio,Armstrong,aarmstrongp6@state.gov,94,92685.12,107.77.69.84,4633 Hoffman Plaza
908,Ann,Marshall,amarshallp7@senate.gov,46,12108.25,104.208.22.250,1 Briar Crest Parkway
909,Emily,Stone,estonep8@spiegel.de,68,77167.37,137.182.103.27,91 2nd Hill
910,Christopher,Adams,cadamsp9@angelfire.com,5,29015.25,39.228.173.150,113 Ruskin Park
911,Roger,Mendoza,rmendozapa@samsung.com,91,66502.88,135.218.132.73,59799 Rigney Street
912,Martha,Vasquez,mvasquezpb@4shared.com,80,63844.65,173.231.133.35,47 Cordelia Point
913,Edward,Torres,etorrespc@utexas.edu,99,27651.47,247.170.52.64,13 Monterey Crossing
914,Angela,Lane,alanepd@cdc.gov,69,101260.25,226.224.202.32,2019 Birchwood Hill
915,Sharon,Graham,sgrahampe@bing.com,16,78177.93,213.216.176.12,000 Onsgard Road
916,Kimberly,Morales,kmoralespf@behance.net,14,119231.95,111.143.3.45,8 Pepper Wood Park
917,Barbara,Welch,bwelchpg@nsw.gov.au,92,56408.24,92.47.80.20,87 Northport Hill
918,Lisa,Gilbert,lgilbertph@sun.com,85,49052.41,101.229.55.223,29 Debs Lane
919,Michelle,Wallace,mwallacepi@cargocollective.com,64,100583.87,48.223.7.234,14700 4th Court
920,Sharon,Butler,sbutlerpj@wp.com,97,47186.68,250.53.227.206,0 Westend Plaza
921,Nicole,Grant,ngrantpk@yale.edu,78,117751.76,198.144.151.190,7 Vidon Avenue
922,Keith,White,kwhitepl@fotki.com,9,46565.8,171.227.81.63,30 Rutledge Place
923,James,Harvey,jharveypm@aol.com,54,85826.84,20.193.100.26,306 Stephen Way
924,Peter,Morgan,pmorganpn@homestead.com,42,114460.07,162.19.150.38,077 Superior Pass
925,Jane,Ross,jrosspo@facebook.com,91,96412.09,210.181.152.144,538 Pankratz Park
926,Michelle,Hall,mhallpp@hostgator.com,25,28220.02,206.225.142.184,04714 Crest Line Plaza
927,Nancy,Sims,nsimspq@youtu.be,16,64552.68,91.213.222.181,8501 Blue Bill Park Road
928,Judith,Lawrence,jlawrencepr@huffingtonpost.com,58,56920.7,216.24.240.229,33 Springs Pass
929,Todd,Carter,tcarterps@google.cn,90,25944.38,108.29.108.139,12982 Trailsway Point
930,Jeffrey,King,jkingpt@dailymotion.com,42,107862.88,231.67.137.38,85288 Ridgeway Plaza
931,Keith,Howard,khowardpu@theglobeandmail.com,5,74486.58,54.42.243.170,779 Gerald Avenue
932,Anna,Sims,asimspv@house.gov,83,97600.91,212.103.203.34,67879 Scott Trail
933,Rose,Harper,rharperpw@bigcartel.com,38,23619.68,167.212.206.249,30565 3rd Parkway
934,Arthur,Smith,asmithpx@list-manage.com,5,58407.7,38.133.67.45,1774 Graceland Avenue
935,Kimberly,Wood,kwoodpy@reverbnation.com,39,53745.57,50.9.121.120,62649 Warbler Circle
936,Christine,Ortiz,cortizpz@rediff.com,66,67295.28,38.39.42.60,40423 Comanche Parkway
937,Ruby,Romero,rromeroq0@elegantthemes.com,100,116459.89,28.126.62.247,4012 Dexter Lane
938,Kathleen,George,kgeorgeq1@auda.org.au,37,62163.78,235.150.42.108,38127 Pleasure Junction
939,Larry,Freeman,lfreemanq2@rediff.com,54,86373.79,247.233.237.155,72 Fordem Pass
940,Diane,Kelly,dkellyq3@ed.gov,51,66607.39,249.71.11.226,68462 Village Green Avenue
941,Nancy,Chavez,nchavezq4@craigslist.org,51,89511.69,195.190.34.67,08943 Nancy Terrace
942,Frank,Cole,fcoleq5@wikispaces.com,37,66959.38,161.64.223.81,58719 Park Meadow Lane
943,Douglas,Tucker,dtuckerq6@nationalgeographic.com,82,29639.04,0.199.141.20,91 Huxley Terrace
944,Robert,Murphy,rmurphyq7@yandex.ru,77,109301,145.235.65.76,93 Veith Avenue
945,Todd,Long,tlongq8@free.fr,5,32087.83,32.97.39.177,593 Towne Road
946,Brandon,Barnes,bbarnesq9@123-reg.co.uk,99,47812.52,176.53.6.246,376 Scofield Lane
947,Anne,Rose,aroseqa@drupal.org,21,13376.43,82.65.138.216,0213 Ridge Oak Terrace
948,Jimmy,Ross,jrossqb@cyberchimps.com,53,80376.47,64.153.55.182,555 Memorial Junction
949,Cheryl,Williamson,cwilliamsonqc@youku.com,41,115408.25,125.222.185.51,64739 Holmberg Park
950,Amy,Peterson,apetersonqd@weather.com,15,79530.59,109.212.107.74,68 Transport Trail
951,Mary,Hughes,mhughesqe@diigo.com,53,65847.02,25.123.122.245,6 Thompson Crossing
952,Earl,Fowler,efowlerqf@google.es,77,29002.36,252.217.12.113,308 Warbler Circle
953,Michael,Welch,mwelchqg@chronoengine.com,10,107113.12,248.46.206.148,6642 Westend Crossing
954,Ann,Flores,afloresqh@bloglines.com,17,12656.98,9.112.223.212,26703 Stoughton Avenue
955,Kelly,Castillo,kcastilloqi@salon.com,90,26371.76,210.156.217.238,5 6th Circle
956,Todd,Ross,trossqj@google.com.hk,58,117016.32,225.157.82.205,4 Mandrake Point
957,Joshua,Williams,jwilliamsqk@gnu.org,18,108784.38,106.101.171.152,46 American Ash Park
958,Patricia,Lane,planeql@reuters.com,78,87898.11,32.21.203.188,5518 Fisk Trail
959,Brenda,Adams,badamsqm@nature.com,65,41629.34,87.239.205.45,92636 Comanche Pass
960,Roy,Dixon,rdixonqn@miibeian.gov.cn,79,83833.96,208.38.134.56,9 Kensington Road
961,Lillian,Ramirez,lramirezqo@wunderground.com,76,43800.77,94.132.144.172,4276 Gale Lane
962,Jesse,Martinez,jmartinezqp@imdb.com,49,67578.92,39.191.98.164,71418 Corry Place
963,Lisa,Porter,lporterqq@ehow.com,7,118545.47,13.15.183.222,23261 Clemons Drive
964,Jack,Russell,jrussellqr@a8.net,15,32759.28,193.196.238.173,2 Old Shore Plaza
965,Adam,White,awhiteqs@istockphoto.com,12,16301.02,99.238.95.226,9045 Pankratz Street
966,Evelyn,Price,epriceqt@theguardian.com,66,27649.77,71.18.140.28,80846 5th Place
967,Rose,Hamilton,rhamiltonqu@boston.com,19,115000.06,173.42.215.172,0584 Ryan Hill
968,Frances,Frazier,ffrazierqv@oracle.com,39,47787.98,23.90.20.170,844 Doe Crossing Crossing
969,Marilyn,Rice,mriceqw@barnesandnoble.com,94,50735.9,157.97.163.18,49 Coleman Way
970,Christine,Cox,ccoxqx@bandcamp.com,33,37719.48,65.251.229.236,9192 Red Cloud Crossing
971,Cheryl,Martinez,cmartinezqy@berkeley.edu,84,90224.95,176.228.96.143,468 Myrtle Junction
972,Beverly,Montgomery,bmontgomeryqz@umn.edu,88,103893.74,36.224.166.51,3 8th Alley
973,Lori,Larson,llarsonr0@sourceforge.net,72,69079.22,163.141.240.45,155 Kensington Plaza
974,Steve,Watkins,swatkinsr1@themeforest.net,14,51003,117.147.114.209,01338 Bartillon Park
975,Denise,Olson,dolsonr2@newyorker.com,38,41281.64,87.255.54.133,204 Rigney Junction
976,Michelle,Russell,mrussellr3@livejournal.com,93,31739.67,225.182.76.157,58024 Cardinal Street
977,Laura,Wallace,lwallacer4@exblog.jp,67,36939.58,174.95.250.11,7018 John Wall Circle
978,Martin,Diaz,mdiazr5@bbb.org,2,91121.58,223.250.127.134,83099 Pepper Wood Circle
979,Donald,Bailey,dbaileyr6@disqus.com,43,13142.45,2.188.76.194,4146 Eastwood Road
980,Charles,Scott,cscottr7@google.ca,22,84390.44,191.49.22.36,209 Westend Circle
981,Laura,Matthews,lmatthewsr8@miitbeian.gov.cn,13,32676.06,27.130.157.213,88 Nelson Street
982,Juan,Williams,jwilliamsr9@constantcontact.com,70,60526.42,68.150.243.62,47932 Oriole Alley
983,Joseph,Adams,jadamsra@ustream.tv,71,23486.33,186.115.252.251,82 Memorial Park
984,Betty,Reed,breedrb@posterous.com,47,46004.06,252.178.65.250,47 Anniversary Hill
985,Henry,Peters,hpetersrc@about.com,2,81673.34,24.113.255.171,95925 Sugar Avenue
986,Billy,James,bjamesrd@sourceforge.net,35,66000.93,197.114.47.222,306 Oneill Crossing
987,Ryan,Hughes,rhughesre@bloglovin.com,61,30794.06,224.16.191.108,77 Lotheville Trail
988,Kathleen,Kelley,kkelleyrf@sourceforge.net,5,117623.56,213.74.74.241,67 American Ash Terrace
989,Adam,Gomez,agomezrg@hostgator.com,4,19264.82,98.239.117.79,07 Portage Pass
990,Amy,Mitchell,amitchellrh@elpais.com,10,67202,140.51.65.40,07 Butternut Hill
991,Phillip,Ryan,pryanri@wikipedia.org,2,119994.36,104.201.253.1,3 Dennis Street
992,Bruce,Hayes,bhayesrj@princeton.edu,36,30135.69,57.110.151.208,388 Rowland Court
993,Willie,Carpenter,wcarpenterrk@liveinternet.ru,30,84373.49,1.156.52.166,4713 Ridgeway Pass
994,Maria,Black,mblackrl@macromedia.com,21,28242.61,221.128.2.1,60 Cordelia Hill
995,Robin,Nichols,rnicholsrm@un.org,5,44241.83,170.79.106.37,8170 Morrow Way
996,Henry,Wheeler,hwheelerrn@vk.com,11,45407.17,172.250.61.81,26144 Longview Park
997,Shirley,Garrett,sgarrettro@xing.com,31,51037,157.45.148.130,2 Hintze Parkway
998,Lisa,Daniels,ldanielsrp@csmonitor.com,59,52595.86,122.59.25.219,9976 Roxbury Avenue
999,Janice,Hunt,jhuntrq@si.edu,93,21062.84,65.132.40.12,29 Meadow Ridge Terrace
1000,Jonathan,Martinez,jmartinezrr@ucla.edu,39,37068.4,207.242.241.97,2 Morningstar Parkway
